*----------------------------------------------------------------------------
* Output table number  :  0 (=first output table)
* Output table format  : Spreadsheet output
* Simulation results
* LINTUL2
 
TIME	LAI	WSOTHA	WSO	WST	WLV	WRT	TSUM	DAVTMP	DTR	VP	ROOTD	PTRAN	PEVAP	TRAN	EVAP	TRANRF	WA	WC	YEAR	RAIN	TRAIN
 
   30.0000    	  0.0000    	  0.0000    	  0.0000    	  0.0000    	 0.54545    	  0.0000    	  0.0000    	  3.8500    	  4.6650    	 0.75600    	 0.10000    	  0.0000    	 0.72635    	  0.0000    	 0.72635    	  0.0000    	  36.000    	 0.36000    	  2018.0    	  0.0000    	  0.0000    
   31.0000    	  0.0000    	  0.0000    	  0.0000    	  0.0000    	 0.54545    	  0.0000    	  0.0000    	  5.6500    	 0.76000    	 0.90500    	 0.10000    	  0.0000    	 0.14113    	  0.0000    	 0.13747    	  0.0000    	  35.274    	 0.35274    	  2018.0    	  13.500    	  0.0000    
   32.0000    	  0.0000    	  0.0000    	  0.0000    	  0.0000    	 0.54545    	  0.0000    	  0.0000    	  2.8000    	  2.6000    	 0.70800    	 0.10000    	  0.0000    	 0.43851    	  0.0000    	 0.43851    	  0.0000    	  36.000    	 0.36000    	  2018.0    	  3.8000    	  13.500    
   33.0000    	 1.20000E-02	  0.0000    	  0.0000    	  0.0000    	 0.54545    	  0.0000    	  2.8000    	  3.5500    	  3.9860    	 0.78200    	 0.11200    	 1.88819E-03	 0.63796    	 1.88819E-03	 0.63796    	  1.0000    	  40.320    	 0.36000    	  2018.0    	  5.6000    	  17.300    
   34.0000    	 1.23896E-02	  0.0000    	  0.0000    	 7.29201E-03	 0.55961    	 2.14471E-02	  6.3500    	  2.0500    	  2.9090    	 0.67700    	 0.12400    	 7.15940E-04	 0.41633    	 7.15940E-04	 0.41633    	  1.0000    	  44.640    	 0.36000    	  2018.0    	  1.2000    	  22.900    
   35.0000    	 1.26203E-02	  0.0000    	  0.0000    	 1.27859E-02	 0.57027    	 3.76055E-02	  8.4000    	 0.80000    	  4.1240    	 0.60400    	 0.13600    	 1.79365E-03	 0.60281    	 1.79365E-03	 0.60281    	  1.0000    	  48.960    	 0.36000    	  2018.0    	 0.10000    	  24.100    
   36.0000    	 1.27115E-02	  0.0000    	  0.0000    	 2.07188E-02	 0.58567    	 6.09377E-02	  9.2000    	 0.40000    	  5.6100    	 0.59300    	 0.14800    	 4.55269E-03	 0.80815    	 4.55269E-03	 0.79825    	  1.0000    	  52.772    	 0.35657    	  2018.0    	  0.0000    	  24.200    
   37.0000    	 1.27573E-02	  0.0000    	  0.0000    	 3.15880E-02	 0.60677    	 9.29057E-02	  9.6000    	 -1.9000    	  5.5450    	 0.49700    	 0.16000    	 2.36974E-03	 0.70442    	 2.36974E-03	 0.68382    	  1.0000    	  56.289    	 0.35181    	  2018.0    	 0.10000    	  24.200    
   38.0000    	 1.27573E-02	  0.0000    	  0.0000    	 4.23697E-02	 0.62770    	 0.12462    	  9.6000    	 -2.2000    	  7.6140    	 0.48500    	 0.17200    	 5.27578E-03	 0.93959    	 5.27578E-03	 0.90252    	  1.0000    	  60.020    	 0.34895    	  2018.0    	  0.0000    	  24.300    
   39.0000    	 1.27573E-02	  0.0000    	  0.0000    	 5.71745E-02	 0.65644    	 0.16816    	  9.6000    	 -1.5000    	  7.0300    	 0.50800    	 0.18400    	 4.99061E-03	 0.88931    	 4.99061E-03	 0.84084    	  1.0000    	  63.432    	 0.34474    	  2018.0    	  0.0000    	  24.300    
   40.0000    	 1.27573E-02	  0.0000    	  0.0000    	 7.08438E-02	 0.68297    	 0.20836    	  9.6000    	-0.25000    	  4.7920    	 0.60000    	 0.19600    	 2.16685E-03	 0.66622    	 2.16685E-03	 0.62187    	  1.0000    	  66.906    	 0.34136    	  2018.0    	 0.20000    	  24.300    
   41.0000    	 1.27573E-02	  0.0000    	  0.0000    	 8.01614E-02	 0.70106    	 0.23577    	  9.6000    	  3.5500    	  4.0240    	 0.67400    	 0.20800    	 1.79647E-03	 0.60558    	 1.79647E-03	 0.56315    	  1.0000    	  70.799    	 0.34038    	  2018.0    	 0.90000    	  24.500    
   42.0000    	 1.31715E-02	  0.0000    	  0.0000    	 8.79858E-02	 0.71625    	 0.25878    	  13.150    	  4.1000    	  4.8700    	 0.74300    	 0.22000    	 3.83864E-03	 0.92337    	 3.83864E-03	 0.86717    	  1.0000    	  75.451    	 0.34296    	  2018.0    	  8.5000    	  25.400    
   43.0000    	 1.36666E-02	  0.0000    	  0.0000    	 9.77613E-02	 0.73523    	 0.28753    	  17.250    	  2.1500    	  5.8240    	 0.63900    	 0.23200    	 3.78001E-03	 0.90463    	 3.78001E-03	 0.90463    	  1.0000    	  83.520    	 0.36000    	  2018.0    	 0.20000    	  33.900    
   44.0000    	 1.39336E-02	  0.0000    	  0.0000    	 0.10989    	 0.75877    	 0.32320    	  19.400    	  2.1500    	  8.3330    	 0.59700    	 0.24400    	 6.47722E-03	  1.3247    	 6.47722E-03	  1.3109    	  1.0000    	  87.128    	 0.35708    	  2018.0    	 0.10000    	  34.100    
   45.0000    	 1.42059E-02	  0.0000    	  0.0000    	 0.12758    	 0.79311    	 0.37524    	  21.550    	  1.0000    	  8.6450    	 0.56600    	 0.25600    	 8.48869E-03	  1.3391    	 8.48869E-03	  1.3030    	  1.0000    	  90.227    	 0.35245    	  2018.0    	  0.0000    	  34.200    
   46.0000    	 1.43343E-02	  0.0000    	  0.0000    	 0.14629    	 0.82943    	 0.43026    	  22.550    	  4.7000    	  1.9540    	 0.73300    	 0.26800    	 7.48055E-04	 0.39124    	 7.48055E-04	 0.37433    	  1.0000    	  93.236    	 0.34789    	  2018.0    	  4.6000    	  34.200    
   47.0000    	 1.49537E-02	  0.0000    	  0.0000    	 0.15056    	 0.83771    	 0.44281    	  27.250    	  2.3000    	  8.6940    	 0.65500    	 0.28000    	 6.61562E-03	  1.2869    	 6.61562E-03	  1.2869    	  1.0000    	  100.80    	 0.36000    	  2018.0    	 0.30000    	  38.800    
   48.0000    	 1.52664E-02	  0.0000    	  0.0000    	 0.17036    	 0.87615    	 0.50106    	  29.550    	  1.3500    	  6.8300    	 0.58000    	 0.29200    	 3.81589E-03	 0.86564    	 3.81589E-03	 0.85508    	  1.0000    	  104.12    	 0.35658    	  2018.0    	 0.10000    	  39.100    
   49.0000    	 1.54531E-02	  0.0000    	  0.0000    	 0.18624    	 0.90698    	 0.54776    	  30.900    	 0.80000    	  8.7910    	 0.59300    	 0.30400    	 6.36650E-03	  1.2194    	 6.36650E-03	  1.1942    	  1.0000    	  107.68    	 0.35421    	  2018.0    	 0.10000    	  39.200    
   50.0000    	 1.55647E-02	  0.0000    	  0.0000    	 0.20693    	 0.94714    	 0.60861    	  31.700    	 0.30000    	  3.6370    	 0.61400    	 0.31600    	 3.47900E-03	 0.50599    	 3.47900E-03	 0.48961    	  1.0000    	  110.90    	 0.35094    	  2018.0    	  0.0000    	  39.300    
   51.0000    	 1.56068E-02	  0.0000    	  0.0000    	 0.21555    	 0.96387    	 0.63397    	  32.000    	 0.40000    	  6.0350    	 0.56500    	 0.32800    	 5.25487E-03	 0.77188    	 5.25487E-03	 0.74366    	  1.0000    	  114.72    	 0.34976    	  2018.0    	  0.0000    	  39.300    
   52.0000    	 1.56631E-02	  0.0000    	  0.0000    	 0.22989    	 0.99172    	 0.67615    	  32.400    	-0.40000    	  9.3180    	 0.53400    	 0.34000    	 6.44351E-03	  1.2199    	 6.44351E-03	  1.1673    	  1.0000    	  118.29    	 0.34792    	  2018.0    	 0.10000    	  39.300    
   53.0000    	 1.56631E-02	  0.0000    	  0.0000    	 0.25212    	  1.0349    	 0.74152    	  32.400    	 0.35000    	  10.166    	 0.55000    	 0.35200    	 1.01097E-02	  1.4558    	 1.01097E-02	  1.3792    	  1.0000    	  121.54    	 0.34527    	  2018.0    	  0.0000    	  39.400    
   54.0000    	 1.57125E-02	  0.0000    	  0.0000    	 0.27637    	  1.0819    	 0.81284    	  32.750    	-0.15000    	  10.348    	 0.58300    	 0.36400    	 8.21588E-03	  1.4604    	 8.21588E-03	  1.3662    	  1.0000    	  124.47    	 0.34194    	  2018.0    	 0.10000    	  39.400    
   55.0000    	 1.57125E-02	  0.0000    	  0.0000    	 0.30113    	  1.1300    	 0.88566    	  32.750    	-0.30000    	  10.280    	 0.57600    	 0.37600    	 1.02797E-02	  1.4709    	 1.02797E-02	  1.3612    	  1.0000    	  127.51    	 0.33912    	  2018.0    	  0.0000    	  39.500    
   56.0000    	 1.57125E-02	  0.0000    	  0.0000    	 0.32572    	  1.1777    	 0.95801    	  32.750    	 -2.0000    	  11.259    	 0.51400    	 0.38800    	 1.03248E-02	  1.4805    	 1.03248E-02	  1.3548    	  1.0000    	  130.46    	 0.33623    	  2018.0    	  0.0000    	  39.500    
   57.0000    	 1.57125E-02	  0.0000    	  0.0000    	 0.35266    	  1.2300    	  1.0372    	  32.750    	 -3.1500    	  8.0740    	 0.46200    	 0.40000    	 7.03559E-03	  1.0091    	 7.03559E-03	 0.91372    	  1.0000    	  133.41    	 0.33353    	  2018.0    	  0.0000    	  39.500    
   58.0000    	 1.57125E-02	  0.0000    	  0.0000    	 0.37198    	  1.2675    	  1.0941    	  32.750    	 -3.8500    	  9.9750    	 0.43500    	 0.41200    	 8.26442E-03	  1.1882    	 8.26442E-03	  1.0696    	  1.0000    	  136.81    	 0.33207    	  2018.0    	  0.0000    	  39.500    
   59.0000    	 1.57125E-02	  0.0000    	  0.0000    	 0.39585    	  1.3139    	  1.1643    	  32.750    	 -6.5000    	  7.0530    	 0.36900    	 0.42400    	 5.33562E-03	 0.76435    	 5.33562E-03	 0.68332    	  1.0000    	  140.05    	 0.33031    	  2018.0    	  0.0000    	  39.500    
   60.0000    	 1.57125E-02	  0.0000    	  0.0000    	 0.41272    	  1.3466    	  1.2139    	  32.750    	 -4.2500    	  8.5220    	 0.43400    	 0.43600    	 7.40802E-03	  1.0570    	 7.40802E-03	 0.94208    	  1.0000    	  143.68    	 0.32955    	  2018.0    	  0.0000    	  39.500    
   61.0000    	 1.57125E-02	  0.0000    	  0.0000    	 0.43312    	  1.3862    	  1.2739    	  32.750    	 -4.0500    	  7.8200    	 0.46000    	 0.44800    	 5.98865E-03	 0.86833    	 5.98865E-03	 0.76986    	  1.0000    	  147.05    	 0.32825    	  2018.0    	  0.0000    	  39.500    
   62.0000    	 1.57125E-02	  0.0000    	  0.0000    	 0.45183    	  1.4225    	  1.3289    	  32.750    	 -1.6000    	  4.9310    	 0.53500    	 0.46000    	 4.58639E-03	 0.65782    	 4.58639E-03	 0.58120    	  1.0000    	  150.60    	 0.32739    	  2018.0    	  0.0000    	  39.500    
   63.0000    	 1.57125E-02	  0.0000    	  0.0000    	 0.46362    	  1.4454    	  1.3636    	  32.750    	  4.5500    	  8.7960    	 0.76600    	 0.47200    	 8.34366E-03	  1.4776    	 8.34366E-03	  1.3033    	  1.0000    	  154.33    	 0.32698    	  2018.0    	  2.2000    	  39.500    
   64.0000    	 1.63693E-02	  0.0000    	  0.0000    	 0.48467    	  1.4863    	  1.4255    	  37.300    	  7.5000    	  10.787    	 0.86700    	 0.48400    	 1.20477E-02	  1.9443    	 1.20477E-02	  1.7334    	  1.0000    	  159.54    	 0.32962    	  2018.0    	 0.10000    	  41.700    
   65.0000    	 1.75124E-02	  0.0000    	  0.0000    	 0.51156    	  1.5385    	  1.5046    	  44.800    	  4.1500    	  8.0020    	 0.80600    	 0.49600    	 9.96581E-03	  1.2863    	 9.96581E-03	  1.1348    	  1.0000    	  162.21    	 0.32703    	  2018.0    	  0.0000    	  41.800    
   66.0000    	 1.81788E-02	  0.0000    	  0.0000    	 0.53288    	  1.5799    	  1.5673    	  48.950    	  3.5500    	  8.8610    	 0.78600    	 0.50800    	 9.08902E-03	  1.4104    	 9.08902E-03	  1.2369    	  1.0000    	  165.38    	 0.32556    	  2018.0    	  3.1000    	  41.800    
   67.0000    	 1.87690E-02	  0.0000    	  0.0000    	 0.55739    	  1.6275    	  1.6394    	  52.500    	  4.2000    	  4.4100    	 0.79200    	 0.52000    	 4.04172E-03	 0.76197    	 4.04172E-03	 0.68008    	  1.0000    	  171.55    	 0.32991    	  2018.0    	  3.6000    	  44.900    
   68.0000    	 1.94921E-02	  0.0000    	  0.0000    	 0.56999    	  1.6519    	  1.6764    	  56.700    	  5.2000    	  8.8390    	 0.84400    	 0.53200    	 1.02101E-02	  1.4662    	 1.02101E-02	  1.3408    	  1.0000    	  178.78    	 0.33606    	  2018.0    	  3.5000    	  48.500    
   69.0000    	 2.04260E-02	  0.0000    	  0.0000    	 0.59619    	  1.7028    	  1.7535    	  61.900    	  10.900    	  6.4770    	  1.2290    	 0.54400    	 8.79707E-03	  1.2565    	 8.79707E-03	  1.1692    	  1.0000    	  185.25    	 0.34053    	  2018.0    	  4.7000    	  52.000    
   70.0000    	 2.25313E-02	  0.0000    	  0.0000    	 0.61631    	  1.7418    	  1.8127    	  72.800    	  9.8500    	  5.0110    	  1.1800    	 0.55600    	 6.65975E-03	 0.94986    	 6.65975E-03	 0.90669    	  1.0000    	  193.09    	 0.34728    	  2018.0    	 0.20000    	  56.700    
   71.0000    	 2.46199E-02	  0.0000    	  0.0000    	 0.63347    	  1.7751    	  1.8632    	  82.650    	  10.900    	  7.9410    	  1.1170    	 0.56800    	 1.31413E-02	  1.4940    	 1.31413E-02	  1.4208    	  1.0000    	  196.69    	 0.34628    	  2018.0    	  2.4000    	  56.900    
   72.0000    	 2.71576E-02	  0.0000    	  0.0000    	 0.66316    	  1.8328    	  1.9505    	  93.550    	  6.4500    	  2.8860    	 0.89400    	 0.58000    	 2.79793E-03	 0.51211    	 2.79793E-03	 0.49056    	  1.0000    	  201.97    	 0.34822    	  2018.0    	  4.8000    	  59.300    
   73.0000    	 2.87808E-02	  0.0000    	  0.0000    	 0.67506    	  1.8559    	  1.9855    	  100.00    	  4.8000    	  13.478    	 0.81000    	 0.59200    	 2.48519E-02	  2.2248    	 2.48519E-02	  2.1908    	  1.0000    	  210.59    	 0.35572    	  2018.0    	 0.10000    	  64.100    
   74.0000    	 3.00513E-02	  0.0000    	  0.0000    	 0.73390    	  1.9701    	  2.1585    	  104.80    	  6.7500    	  8.1220    	 0.83700    	 0.60400    	 1.85332E-02	  1.6401    	 1.85332E-02	  1.5949    	  1.0000    	  212.78    	 0.35229    	  2018.0    	  1.8000    	  64.200    
   75.0000    	 3.19335E-02	  0.0000    	  0.0000    	 0.77091    	  2.0419    	  2.2674    	  111.55    	  3.0500    	  2.4080    	 0.75600    	 0.61600    	 1.42856E-03	 0.38084    	 1.42856E-03	 0.37095    	  1.0000    	  217.28    	 0.35273    	  2018.0    	 0.40000    	  66.000    
   76.0000    	 3.28223E-02	  0.0000    	  0.0000    	 0.78258    	  2.0646    	  2.3015    	  114.60    	 -1.5000    	  5.3640    	 0.54300    	 0.62800    	 1.05833E-02	 0.72226    	 1.05833E-02	 0.70395    	  1.0000    	  221.62    	 0.35290    	  2018.0    	  0.0000    	  66.400    
   77.0000    	 3.28223E-02	  0.0000    	  0.0000    	 0.80938    	  2.1170    	  2.3793    	  114.60    	 -1.1000    	  7.4090    	 0.55600    	 0.64000    	 1.48441E-02	  1.0131    	 1.48441E-02	 0.98389    	  1.0000    	  225.23    	 0.35192    	  2018.0    	  0.0000    	  66.400    
   78.0000    	 3.28223E-02	  0.0000    	  0.0000    	 0.84641    	  2.1893    	  2.4867    	  114.60    	-0.20000    	  15.581    	 0.57200    	 0.65200    	 3.19634E-02	  2.1846    	 3.19634E-02	  2.1107    	  1.0000    	  228.55    	 0.35053    	  2018.0    	  0.0000    	  66.400    
   79.0000    	 3.28223E-02	  0.0000    	  0.0000    	 0.92427    	  2.3413    	  2.7125    	  114.60    	  2.2500    	  15.811    	 0.65600    	 0.66400    	 3.12136E-02	  2.4156    	 3.12136E-02	  2.3075    	  1.0000    	  230.73    	 0.34748    	  2018.0    	 0.60000    	  66.400    
   80.0000    	 3.34937E-02	  0.0000    	  0.0000    	  1.0033    	  2.4956    	  2.9417    	  116.85    	  4.3500    	  10.424    	 0.70800    	 0.67600    	 2.40444E-02	  1.6230    	 2.40444E-02	  1.5367    	  1.0000    	  233.30    	 0.34512    	  2018.0    	  0.0000    	  67.000    
   81.0000    	 3.48310E-02	  0.0000    	  0.0000    	  1.0566    	  2.6000    	  3.0952    	  121.20    	  6.7000    	  5.2110    	 0.87700    	 0.68800    	 1.00005E-02	 0.92428    	 1.00005E-02	 0.86851    	  1.0000    	  236.06    	 0.34311    	  2018.0    	  2.6000    	  67.000    
   82.0000    	 3.69959E-02	  0.0000    	  0.0000    	  1.0844    	  2.6547    	  3.1743    	  127.90    	  6.0500    	  4.6090    	 0.84700    	 0.70000    	 8.49690E-03	 0.79565    	 8.49690E-03	 0.75542    	  1.0000    	  242.09    	 0.34584    	  2018.0    	 0.10000    	  69.600    
   83.0000    	 3.90662E-02	  0.0000    	  0.0000    	  1.1107    	  2.7070    	  3.2475    	  133.95    	  6.2500    	  12.097    	 0.83000    	 0.71200    	 3.40283E-02	  1.9701    	 3.40283E-02	  1.8655    	  1.0000    	  245.74    	 0.34514    	  2018.0    	  0.0000    	  69.700    
   84.0000    	 4.13266E-02	  0.0000    	  0.0000    	  1.1840    	  2.8536    	  3.4480    	  140.20    	  5.1000    	  12.440    	 0.76700    	 0.72400    	 3.03363E-02	  1.9431    	 3.03363E-02	  1.8235    	  1.0000    	  248.16    	 0.34276    	  2018.0    	 0.10000    	  69.700    
   85.0000    	 4.32677E-02	  0.0000    	  0.0000    	  1.2642    	  3.0153    	  3.6631    	  145.30    	  6.1500    	  10.558    	 0.77700    	 0.73600    	 2.50631E-02	  1.6060    	 2.50631E-02	  1.4950    	  1.0000    	  250.71    	 0.34064    	  2018.0    	 0.30000    	  69.800    
   86.0000    	 4.57301E-02	  0.0000    	  0.0000    	  1.3358    	  3.1605    	  3.8521    	  151.45    	  5.8500    	  6.9610    	 0.84300    	 0.74800    	 1.76792E-02	  1.1503    	 1.76792E-02	  1.0653    	  1.0000    	  253.80    	 0.33931    	  2018.0    	  2.0000    	  70.100    
   87.0000    	 4.82023E-02	  0.0000    	  0.0000    	  1.3859    	  3.2630    	  3.9820    	  157.30    	  5.3500    	  3.0350    	 0.90400    	 0.76000    	 4.11784E-03	 0.47528    	 4.11784E-03	 0.44274    	  1.0000    	  259.03    	 0.34083    	  2018.0    	  12.200    	  72.100    
   88.0000    	 5.05800E-02	  0.0000    	  0.0000    	  1.4091    	  3.3107    	  4.0410    	  162.65    	  6.7000    	  10.772    	 0.83500    	 0.77200    	 4.11430E-02	  1.8262    	 4.11430E-02	  1.8023    	  1.0000    	  275.09    	 0.35633    	  2018.0    	  0.0000    	  84.300    
   89.0000    	 5.37238E-02	  0.0000    	  0.0000    	  1.4958    	  3.4901    	  4.2578    	  169.35    	  9.6000    	  15.379    	 0.95700    	 0.78400    	 6.35808E-02	  2.9224    	 6.35808E-02	  2.8602    	  1.0000    	  277.57    	 0.35404    	  2018.0    	  5.1000    	  84.300    
   90.0000    	 5.85720E-02	  0.0000    	  0.0000    	  1.6281    	  3.7658    	  4.5816    	  178.95    	  7.0000    	  12.044    	 0.91000    	 0.79600    	 4.48879E-02	  2.0038    	 4.48879E-02	  1.9812    	  1.0000    	  284.05    	 0.35685    	  2018.0    	  10.500    	  89.400    
   91.0000    	 6.23808E-02	  0.0000    	  0.0000    	  1.7420    	  4.0056    	  4.8518    	  185.95    	  4.3500    	  4.0210    	 0.83300    	 0.80800    	 1.01644E-02	 0.64269    	 1.01644E-02	 0.64269    	  1.0000    	  290.88    	 0.36000    	  2018.0    	  1.2000    	  99.900    
   92.0000    	 6.48714E-02	  0.0000    	  0.0000    	  1.7827    	  4.0919    	  4.9463    	  190.30    	  6.3000    	  8.3510    	 0.93100    	 0.82000    	 3.32239E-02	  1.4209    	 3.32239E-02	  1.4209    	  1.0000    	  295.20    	 0.36000    	  2018.0    	  1.2000    	  101.10    
   93.0000    	 6.86559E-02	  0.0000    	  0.0000    	  1.8710    	  4.2800    	  5.1481    	  196.60    	  13.100    	  13.437    	  1.2520    	 0.83200    	 8.22187E-02	  2.9223    	 8.22187E-02	  2.9189    	  1.0000    	  299.25    	 0.35968    	  2018.0    	 0.70000    	  102.30    
   94.0000    	 7.72469E-02	  0.0000    	  0.0000    	  2.0221    	  4.6039    	  5.4865    	  209.70    	  10.550    	  8.0400    	  1.1230    	 0.84400    	 4.31132E-02	  1.5204    	 4.31132E-02	  1.5037    	  1.0000    	  301.25    	 0.35693    	  2018.0    	  3.9000    	  103.00    
   95.0000    	 8.49410E-02	  0.0000    	  0.0000    	  2.1249    	  4.8271    	  5.7068    	  220.25    	  4.7500    	  9.8280    	 0.84000    	 0.85600    	 5.03018E-02	  1.5896    	 5.03018E-02	  1.5879    	  1.0000    	  307.91    	 0.35970    	  2018.0    	  1.7000    	  106.90    
   96.0000    	 8.86510E-02	  0.0000    	  0.0000    	  2.2641    	  5.1324    	  5.9948    	  225.00    	  7.2500    	  19.304    	 0.82300    	 0.86800    	 0.12643    	  3.4271    	 0.12643    	  3.4240    	  1.0000    	  312.27    	 0.35975    	  2018.0    	 0.10000    	  108.60    
   97.0000    	 9.46283E-02	  0.0000    	  0.0000    	  2.5504    	  5.7633    	  6.5775    	  232.25    	  14.550    	  17.099    	  1.1750    	 0.88000    	 0.14634    	  3.4386    	 0.14634    	  3.3872    	  1.0000    	  313.11    	 0.35581    	  2018.0    	  0.0000    	  108.70    
   98.0000    	 0.10787    	  0.0000    	  0.0000    	  2.8225    	  6.3668    	  7.1175    	  246.80    	  15.050    	  16.109    	  1.3210    	 0.89200    	 0.14041    	  2.9295    	 0.14041    	  2.8448    	  1.0000    	  313.90    	 0.35191    	  2018.0    	  0.0000    	  108.70    
   99.0000    	 0.12351    	  0.0000    	  0.0000    	  3.1176    	  7.0298    	  7.6738    	  261.85    	  13.650    	  10.034    	  1.3250    	 0.90400    	 0.10655    	  1.9098    	 0.10655    	  1.8328    	  1.0000    	  315.23    	 0.34871    	  2018.0    	  0.0000    	  108.70    
   100.000    	 0.13966    	  0.0000    	  0.0000    	  3.3301    	  7.5132    	  8.0530    	  275.50    	  15.350    	  12.848    	  1.4330    	 0.91600    	 0.15400    	  2.4419    	 0.15400    	  2.3262    	  1.0000    	  317.62    	 0.34674    	  2018.0    	  0.0000    	  108.70    
   101.000    	 0.16035    	  0.0000    	  0.0000    	  3.6406    	  8.2257    	  8.5791    	  290.85    	  11.650    	  9.0220    	  1.3040    	 0.92800    	 9.99943E-02	  1.6376    	 9.99943E-02	  1.5455    	  1.0000    	  319.46    	 0.34424    	  2018.0    	 0.50000    	  108.70    
   102.000    	 0.17808    	  0.0000    	  0.0000    	  3.9057    	  8.7953    	  8.9857    	  302.50    	  11.000    	  8.7310    	  1.2040    	 0.94000    	 0.12609    	  1.5424    	 0.12609    	  1.4498    	  1.0000    	  322.59    	 0.34318    	  2018.0    	  0.0000    	  109.20    
   103.000    	 0.19661    	  0.0000    	  0.0000    	  4.2024    	  9.4032    	  9.4082    	  313.50    	  8.5500    	  9.4670    	  1.1020    	 0.95200    	 0.14565    	  1.5995    	 0.14565    	  1.4952    	  1.0000    	  325.33    	 0.34174    	  2018.0    	  0.0000    	  109.20    
   104.000    	 0.21233    	  0.0000    	  0.0000    	  4.5706    	  10.126    	  9.8977    	  322.05    	  10.000    	  13.740    	  1.1380    	 0.96400    	 0.20082    	  2.3139    	 0.20082    	  2.1508    	  1.0000    	  328.01    	 0.34026    	  2018.0    	  1.4000    	  109.20    
   105.000    	 0.23233    	  0.0000    	  0.0000    	  5.1631    	  11.251    	  10.645    	  332.05    	  13.400    	  9.5740    	  1.3560    	 0.97600    	 0.14810    	  1.6511    	 0.14810    	  1.5301    	  1.0000    	  331.33    	 0.33948    	  2018.0    	  3.4000    	  110.60    
   106.000    	 0.25107    	  0.0000    	  0.0000    	  5.6282    	  12.103    	  11.196    	  345.45    	  10.250    	  18.875    	  1.1970    	 0.98800    	 0.35018    	  3.2379    	 0.35018    	  3.0229    	  1.0000    	  337.31    	 0.34141    	  2018.0    	 0.40000    	  114.00    
   107.000    	 0.29070    	  0.0000    	  0.0000    	  6.6591    	  13.905    	  12.323    	  355.70    	  12.000    	  20.796    	  1.1750    	  1.0000    	 0.48654    	  3.5448    	 0.48654    	  3.2739    	  1.0000    	  338.60    	 0.33860    	  2018.0    	  0.0000    	  114.40    
   108.000    	 0.34060    	  0.0000    	  0.0000    	  8.0031    	  16.173    	  13.704    	  367.70    	  15.150    	  21.382    	  1.3660    	  1.0120    	 0.59602    	  3.6789    	 0.59602    	  3.3521    	  1.0000    	  339.16    	 0.33513    	  2018.0    	  0.0000    	  114.40    
   109.000    	 0.39973    	  0.0000    	  0.0000    	  9.6597    	  18.860    	  15.288    	  382.85    	  18.850    	  22.232    	  1.5240    	  1.0240    	 0.76606    	  3.9712    	 0.76606    	  3.5680    	  1.0000    	  339.53    	 0.33157    	  2018.0    	  0.0000    	  114.40    
   110.000    	 0.47049    	  0.0000    	  0.0000    	  11.739    	  22.077    	  17.103    	  401.70    	  17.750    	  21.606    	  1.5680    	  1.0360    	 0.85535    	  3.6926    	 0.85535    	  3.2668    	  1.0000    	  339.51    	 0.32772    	  2018.0    	  0.0000    	  114.40    
   111.000    	 0.54956    	  0.0000    	  0.0000    	  14.199    	  25.671    	  19.020    	  419.45    	  15.000    	  21.758    	  1.3400    	  1.0480    	 0.91685    	  3.3273    	 0.91685    	  2.9013    	  1.0000    	  339.71    	 0.32415    	  2018.0    	  0.0000    	  114.40    
   112.000    	 0.64026    	  0.0000    	  0.0000    	  17.168    	  29.794    	  21.096    	  434.45    	  17.250    	  18.800    	  1.5170    	  1.0600    	 0.86550    	  2.8761    	 0.86550    	  2.4751    	  1.0000    	  340.21    	 0.32096    	  2018.0    	  2.1000    	  114.40    
   113.000    	 0.72903    	  0.0000    	  0.0000    	  20.196    	  33.829    	  23.028    	  451.70    	  12.450    	  17.529    	  1.2280    	  1.0720    	 0.98962    	  2.5477    	 0.98962    	  2.1845    	  1.0000    	  343.13    	 0.32009    	  2018.0    	  0.0000    	  116.50    
   114.000    	 0.82072    	  0.0000    	  0.0000    	  23.470    	  37.997    	  24.902    	  464.15    	  11.950    	  6.7580    	  1.2450    	  1.0840    	 0.42497    	 0.94590    	 0.42497    	 0.80266    	  1.0000    	  344.28    	 0.31760    	  2018.0    	  0.0000    	  116.50    
   115.000    	 0.85944    	  0.0000    	  0.0000    	  24.898    	  39.757    	  25.656    	  476.10    	  10.800    	  11.036    	  1.1680    	  1.0960    	 0.61152    	  1.5078    	 0.61152    	  1.2759    	  1.0000    	  347.37    	 0.31694    	  2018.0    	  5.5000    	  116.50    
   116.000    	 0.92483    	  0.0000    	  0.0000    	  27.381    	  42.729    	  26.870    	  486.90    	  9.3500    	  17.842    	  1.0280    	  1.1080    	  1.0355    	  2.2118    	  1.0355    	  1.8996    	  1.0000    	  355.09    	 0.32048    	  2018.0    	 0.70000    	  122.00    
   117.000    	  1.0364    	  0.0000    	  0.0000    	  31.731    	  47.799    	  28.848    	  496.25    	  9.7500    	  12.730    	  1.0210    	  1.1200    	 0.82243    	  1.3844    	 0.82243    	  1.1802    	  1.0000    	  356.94    	 0.31870    	  2018.0    	  0.0000    	  122.70    
   118.000    	  1.1228    	  0.0000    	  0.0000    	  35.176    	  51.727    	  30.317    	  506.00    	  10.600    	  9.6780    	  1.2210    	  1.1320    	 0.57921    	  1.0843    	 0.57921    	 0.91924    	  1.0000    	  359.26    	 0.31737    	  2018.0    	 0.40000    	  122.70    
   119.000    	  1.1922    	  0.0000    	  0.0000    	  38.008    	  54.882    	  31.445    	  516.60    	  8.1000    	  5.6070    	  1.1540    	  1.1440    	 0.16833    	 0.45676    	 0.16833    	 0.38598    	  1.0000    	  362.20    	 0.31661    	  2018.0    	  15.400    	  123.10    
   120.000    	  1.2341    	  0.0000    	  0.0000    	  39.757    	  56.785    	  32.090    	  524.70    	  9.6500    	  6.9780    	  1.1140    	  1.1560    	 0.42492    	 0.76438    	 0.42492    	 0.68151    	  1.0000    	  381.07    	 0.32964    	  2018.0    	  23.600    	  138.50    
   121.000    	  1.2873    	  0.0000    	  0.0000    	  42.024    	  59.206    	  32.877    	  534.35    	  8.4000    	  17.544    	 0.89700    	  1.1680    	  1.3263    	  1.8489    	  1.3263    	  1.7760    	  1.0000    	  407.57    	 0.34895    	  2018.0    	  5.8000    	  162.10    
   122.000    	  1.4249    	  0.0000    	  0.0000    	  48.004    	  65.458    	  34.806    	  542.75    	  9.5500    	  23.929    	  1.0470    	  1.1800    	  2.1098    	  2.2973    	  2.1098    	  2.2240    	  1.0000    	  414.27    	 0.35108    	  2018.0    	  0.0000    	  167.90    
   123.000    	  1.6249    	  0.0000    	  0.0000    	  56.864    	  74.552    	  37.480    	  552.30    	  9.7000    	  22.620    	 0.98800    	  1.1920    	  2.0423    	  1.8582    	  2.0423    	  1.7754    	  1.0000    	  414.26    	 0.34753    	  2018.0    	  0.0000    	  167.90    
   124.000    	  1.8296    	  0.0000    	  0.0000    	  66.113    	  83.854    	  40.061    	  562.00    	  10.200    	  25.272    	  1.0430    	  1.2040    	  2.5000    	  1.9048    	  2.5000    	  1.7992    	  1.0000    	  414.76    	 0.34448    	  2018.0    	  0.0000    	  167.90    
   125.000    	  2.0689    	  0.0000    	  0.0000    	  77.503    	  94.733    	  43.053    	  572.20    	  13.350    	  25.752    	  1.1820    	  1.2040    	  2.9499    	  1.8551    	  2.9499    	  1.7286    	  1.0000    	  410.46    	 0.34091    	  2018.0    	  0.0000    	  167.90    
   126.000    	  2.3209    	  0.0000    	  0.0000    	  90.322    	  106.19    	  46.244    	  585.55    	  15.050    	  26.424    	  1.3240    	  1.2040    	  3.3448    	  1.7410    	  3.3448    	  1.5982    	  1.0000    	  405.78    	 0.33703    	  2018.0    	  0.0000    	  167.90    
   127.000    	  2.5826    	  0.0000    	  0.0000    	  104.84    	  118.08    	  49.616    	  600.60    	  16.150    	  26.481    	  1.4600    	  1.2040    	  3.5778    	  1.5496    	  3.5778    	  1.3998    	  1.0000    	  400.84    	 0.33292    	  2018.0    	  0.0000    	  167.90    
   128.000    	  2.8436    	  0.0000    	  0.0000    	  120.83    	  129.94    	  53.053    	  616.75    	  19.050    	  26.216    	  1.5330    	  1.2040    	  3.7297    	  1.3635    	  3.7297    	  1.2115    	  1.0000    	  395.86    	 0.32879    	  2018.0    	  0.0000    	  167.90    
   129.000    	  3.0968    	  0.0000    	  0.0000    	  138.08    	  141.46    	  56.474    	  635.80    	  17.850    	  24.802    	  1.6050    	  1.2040    	  3.7522    	  1.1576    	  3.7522    	  1.0116    	  1.0000    	  390.92    	 0.32468    	  2018.0    	  0.0000    	  167.90    
   130.000    	  3.3264    	  0.0000    	  0.0000    	  155.85    	  151.89    	  59.678    	  653.65    	  11.200    	  11.377    	  1.2610    	  1.2040    	  1.2042    	 0.42996    	  1.2042    	 0.36966    	  1.0000    	  386.15    	 0.32073    	  2018.0    	  3.7000    	  167.90    
   131.000    	  3.4264    	  0.0000    	  0.0000    	  164.60    	  156.44    	  61.124    	  664.85    	  10.150    	  23.354    	  1.1690    	  1.2040    	  3.2482    	 0.81155    	  3.2482    	 0.70084    	  1.0000    	  387.45    	 0.32180    	  2018.0    	  0.0000    	  171.60    
   132.000    	  3.6237    	  0.0000    	  0.0000    	  183.26    	  165.40    	  64.044    	  675.00    	  15.450    	  20.920    	  1.4340    	  1.2040    	  3.2330    	 0.72058    	  3.2330    	 0.61383    	  1.0000    	  383.50    	 0.31852    	  2018.0    	  0.0000    	  171.60    
   133.000    	  3.7950    	  0.0000    	  0.0000    	  200.69    	  173.19    	  66.640    	  690.45    	  14.550    	  6.4910    	  1.4540    	  1.2040    	 0.49555    	 0.19605    	 0.49555    	 0.16477    	  1.0000    	  379.65    	 0.31533    	  2018.0    	  4.3000    	  171.60    
   134.000    	  3.8449    	  0.0000    	  0.0000    	  206.37    	  175.46    	  67.426    	  705.00    	  18.800    	  23.231    	  1.6990    	  1.2040    	  3.9816    	 0.77689    	  3.9816    	 0.65914    	  1.0000    	  382.34    	 0.31756    	  2018.0    	  0.0000    	  175.90    
   135.000    	  4.0106    	  0.0000    	  0.0000    	  227.50    	  182.99    	  70.145    	  723.80    	  18.300    	  25.472    	  1.5120    	  1.2040    	  4.2333    	 0.75339    	  4.2333    	 0.62883    	  1.0000    	  377.70    	 0.31371    	  2018.0    	  0.0000    	  175.90    
   136.000    	  4.1746    	  0.0000    	  0.0000    	  251.92    	  190.46    	  73.013    	  742.10    	  14.900    	  15.873    	  1.4290    	  1.2040    	  2.6729    	 0.42930    	  2.6729    	 0.35213    	  1.0000    	  372.84    	 0.30967    	  2018.0    	  0.0000    	  175.90    
   137.000    	  4.2608    	  0.0000    	  0.0000    	  267.91    	  194.63    	  74.727    	  757.00    	  10.200    	  26.459    	  1.0930    	  1.2040    	  4.0551    	 0.61926    	  4.0551    	 0.50238    	  1.0000    	  369.82    	 0.30716    	  2018.0    	  0.0000    	  175.90    
   138.000    	  4.3899    	  0.0000    	  0.0000    	  295.52    	  200.88    	  77.477    	  767.20    	  10.050    	  20.818    	  1.0750    	  1.2040    	  3.1018    	 0.44207    	  3.1018    	 0.35266    	  1.0000    	  365.26    	 0.30337    	  2018.0    	  0.0000    	  175.90    
   139.000    	  4.4773    	  0.0000    	  0.0000    	  317.84    	  205.43    	  79.588    	  777.25    	  9.1500    	  7.5320    	  1.1570    	  1.2040    	  1.0293    	 0.15279    	  1.0293    	 0.12032    	  1.0000    	  361.80    	 0.30050    	  2018.0    	 0.20000    	  175.90    
   140.000    	  4.4945    	  0.0000    	  0.0000    	  326.11    	  206.94    	  80.332    	  786.40    	  13.800    	  26.277    	  1.3330    	  1.2040    	  4.2177    	 0.57441    	  4.2177    	 0.45039    	  1.0000    	  360.65    	 0.29955    	  2018.0    	 0.10000    	  176.10    
   141.000    	  4.5884    	  0.0000    	  0.0000    	  355.31    	  211.97    	  82.871    	  800.20    	  17.050    	  22.944    	  1.4750    	  1.2040    	  3.8582    	 0.50641    	  3.8582    	 0.39006    	  1.0000    	  355.99    	 0.29567    	  2018.0    	 0.20000    	  176.20    
   142.000    	  4.6601    	  0.0000    	  0.0000    	  381.19    	  216.15    	  85.032    	  817.25    	  17.800    	  14.455    	  1.6690    	  1.2040    	  1.7944    	 0.29471    	  1.7944    	 0.22329    	  1.0000    	  351.74    	 0.29214    	  2018.0    	  10.600    	  176.40    
   143.000    	  4.6913    	  0.0000    	  0.0000    	  397.77    	  218.61    	  86.346    	  835.05    	  19.650    	  15.500    	  1.6830    	  1.2040    	  2.3223    	 0.31457    	  2.3223    	 0.24525    	  1.0000    	  359.16    	 0.29830    	  2018.0    	 0.50000    	  187.00    
   144.000    	  4.7208    	  0.0000    	  0.0000    	  415.82    	  221.06    	  87.701    	  854.70    	  17.800    	  8.6160    	  1.6640    	  1.2040    	  1.2931    	 0.17268    	  1.2931    	 0.13332    	  1.0000    	  356.59    	 0.29617    	  2018.0    	 0.30000    	  187.50    
   145.000    	  4.7225    	  0.0000    	  0.0000    	  426.03    	  222.30    	  88.421    	  872.50    	  20.700    	  24.405    	  1.9650    	  1.2040    	  4.4479    	 0.52950    	  4.4479    	 0.40655    	  1.0000    	  355.16    	 0.29498    	  2018.0    	  0.0000    	  187.80    
   146.000    	  4.7674    	  0.0000    	  0.0000    	  455.33    	  225.50    	  90.369    	  893.20    	  21.150    	  26.822    	  1.9630    	  1.2040    	  4.9905    	 0.57879    	  4.9905    	 0.43606    	  1.0000    	  350.31    	 0.29095    	  2018.0    	  0.0000    	  187.80    
   147.000    	  4.8087    	  0.0000    	  0.0000    	  488.11    	  228.62    	  92.399    	  914.35    	  20.400    	  12.859    	  1.9070    	  1.2040    	  1.7410    	 0.25089    	  1.7410    	 0.18498    	  1.0000    	  344.88    	 0.28645    	  2018.0    	 0.90000    	  187.80    
   148.000    	  4.8082    	  0.0000    	  0.0000    	  504.09    	  229.93    	  93.318    	  934.75    	  21.900    	  25.275    	  2.1090    	  1.2040    	  4.6547    	 0.52947    	  4.6547    	 0.38736    	  1.0000    	  342.95    	 0.28485    	  2018.0    	  0.0000    	  188.70    
   149.000    	  4.8273    	  0.0000    	  0.0000    	  536.00    	  232.12    	  95.018    	  956.65    	  23.400    	  21.614    	  2.2140    	  1.2040    	  3.3939    	 0.45107    	  3.3939    	 0.32326    	  1.0000    	  337.91    	 0.28066    	  2018.0    	  12.500    	  188.70    
   150.000    	  4.8311    	  0.0000    	  0.0000    	  563.74    	  233.65    	  96.375    	  980.05    	  21.050    	  22.840    	  2.1480    	  1.2040    	  4.2136    	 0.47247    	  4.2136    	 0.34920    	  1.0000    	  345.49    	 0.28695    	  2018.0    	  0.0000    	  201.20    
   151.000    	  4.8281    	  0.0000    	  0.0000    	  593.55    	  234.89    	  97.699    	  1001.1    	  19.800    	  15.964    	  2.0980    	  1.2040    	  2.3055    	 0.32635    	  2.3055    	 0.23679    	  1.0000    	  340.93    	 0.28316    	  2018.0    	  2.4000    	  201.20    
   152.000    	  4.8118    	  0.0000    	  0.0000    	  614.70    	  235.51    	  98.556    	  1020.9    	  18.150    	  9.9000    	  1.8880    	  1.2040    	  1.1337    	 0.19663    	  1.1337    	 0.14188    	  1.0000    	  339.58    	 0.28204    	  2018.0    	  11.400    	  203.60    
   153.000    	  4.7878    	  0.0000    	  0.0000    	  627.99    	  235.75    	  99.046    	  1039.1    	  17.050    	  7.4110    	  1.8130    	  1.2040    	  1.0450    	 0.14834    	  1.0450    	 0.11096    	  1.0000    	  348.50    	 0.28945    	  2018.0    	 0.50000    	  215.00    
   154.000    	  4.7614    	  0.0000    	  0.0000    	  638.05    	  235.84    	  99.385    	  1056.1    	  19.750    	  20.516    	  1.9410    	  1.2040    	  3.6299    	 0.42379    	  3.6299    	 0.31555    	  1.0000    	  347.34    	 0.28849    	  2018.0    	  0.0000    	  215.50    
   155.000    	  4.7342    	 2.97855E-03	 0.29786    	  665.89    	  235.84    	  100.25    	  1075.9    	  19.250    	  17.953    	  1.8700    	  1.2040    	  3.2028    	 0.37869    	  3.2028    	 0.27754    	  1.0000    	  343.40    	 0.28521    	  2018.0    	  0.0000    	  215.50    
   156.000    	  4.7082    	 5.23238E-02	  5.2324    	  685.60    	  235.84    	  100.96    	  1095.1    	  17.100    	  17.024    	  1.6250    	  1.2040    	  2.8661    	 0.34451    	  2.8661    	 0.24893    	  1.0000    	  339.92    	 0.28232    	  2018.0    	  0.0000    	  215.50    
   157.000    	  4.6832    	 0.14223    	  14.223    	  700.01    	  235.84    	  101.59    	  1112.2    	  18.700    	  28.813    	  1.7720    	  1.2040    	  5.0801    	 0.61778    	  5.0041    	 0.44069    	 0.98505    	  336.80    	 0.27973    	  2018.0    	  0.0000    	  215.50    
   158.000    	  4.4381    	 0.35583    	  35.583    	  717.67    	  235.84    	  102.57    	  1130.9    	  20.300    	  27.382    	  1.9270    	  1.2040    	  4.8014    	 0.67095    	  4.4522    	 0.46778    	 0.92726    	  331.36    	 0.27521    	  2018.0    	  0.0000    	  215.50    
   159.000    	  4.1821    	 0.60681    	  60.681    	  727.20    	  235.84    	  103.38    	  1151.2    	  19.150    	  8.1070    	  1.9430    	  1.2040    	 0.74725    	 0.20717    	 0.74725    	 0.14142    	  1.0000    	  326.44    	 0.27113    	  2018.0    	  18.000    	  215.50    
   160.000    	  3.9570    	 0.70711    	  70.711    	  728.11    	  235.84    	  103.61    	  1170.4    	  20.300    	  25.434    	  2.0190    	  1.2040    	  4.4936    	 0.82184    	  4.4936    	 0.60015    	  1.0000    	  342.50    	 0.28447    	  2018.0    	  0.0000    	  233.50    
   161.000    	  3.7288    	  1.0467    	  104.67    	  728.11    	  235.84    	  104.26    	  1190.7    	  18.150    	  27.949    	  1.8270    	  1.2040    	  4.7407    	 0.98899    	  4.7407    	 0.70726    	  1.0000    	  337.41    	 0.28024    	  2018.0    	  0.0000    	  233.50    
   162.000    	  3.5405    	  1.4153    	  141.53    	  728.11    	  235.84    	  104.85    	  1208.8    	  17.200    	  26.536    	  1.6180    	  1.2040    	  4.3232    	  1.0097    	  4.3232    	 0.70575    	  1.0000    	  331.96    	 0.27571    	  2018.0    	  0.0000    	  233.50    
   163.000    	  3.3729    	  1.7611    	  176.11    	  728.11    	  235.84    	  105.31    	  1226.0    	  14.650    	  12.395    	  1.4380    	  1.2040    	  1.5364    	 0.46497    	  1.5364    	 0.31807    	  1.0000    	  326.93    	 0.27154    	  2018.0    	 0.50000    	  233.50    
   164.000    	  3.2404    	  1.9207    	  192.07    	  728.11    	  235.84    	  105.49    	  1240.7    	  13.200    	  12.366    	  1.3960    	  1.2040    	  1.3318    	 0.48931    	  1.3318    	 0.33203    	  1.0000    	  325.08    	 0.27000    	  2018.0    	  1.3000    	  234.00    
   165.000    	  3.1224    	  2.0782    	  207.82    	  728.11    	  235.84    	  105.63    	  1253.9    	  14.350    	  13.149    	  1.5440    	  1.2040    	  1.7131    	 0.59195    	  1.7131    	 0.39961    	  1.0000    	  323.90    	 0.26902    	  2018.0    	 0.50000    	  235.30    
   166.000    	  3.0016    	  2.2440    	  224.40    	  728.11    	  235.84    	  105.75    	  1268.2    	  18.400    	  23.814    	  1.7500    	  1.2040    	  3.5336    	  1.1610    	  3.3064    	 0.77649    	 0.93569    	  321.79    	 0.26727    	  2018.0    	  0.0000    	  235.80    
   167.000    	  2.8475    	  2.5216    	  252.16    	  728.11    	  235.84    	  105.89    	  1286.6    	  17.500    	  20.688    	  1.6630    	  1.2040    	  3.0501    	  1.1032    	  2.8795    	 0.72447    	 0.94408    	  317.71    	 0.26388    	  2018.0    	  0.0000    	  235.80    
   168.000    	  2.7099    	  2.7609    	  276.09    	  728.11    	  235.84    	  105.95    	  1304.1    	  15.650    	  10.606    	  1.5360    	  1.2040    	  1.4809    	 0.60404    	  1.4809    	 0.39022    	  1.0000    	  314.10    	 0.26088    	  2018.0    	 0.10000    	  235.80    
   169.000    	  2.5956    	  2.8887    	  288.87    	  728.11    	  235.84    	  105.95    	  1319.8    	  16.800    	  7.1280    	  1.6820    	  1.2040    	 0.68266    	 0.43076    	 0.68266    	 0.27589    	  1.0000    	  312.23    	 0.25933    	  2018.0    	  1.1000    	  235.90    
   170.000    	  2.4762    	  2.9731    	  297.31    	  728.11    	  235.84    	  105.95    	  1336.6    	  16.900    	  6.5850    	  1.8380    	  1.2040    	 0.89824    	 0.41818    	 0.89824    	 0.26720    	  1.0000    	  311.72    	 0.25891    	  2018.0    	  0.0000    	  237.00    
   171.000    	  2.3615    	  3.0495    	  304.95    	  728.11    	  235.84    	  105.95    	  1353.5    	  18.900    	  20.307    	  1.9560    	  1.2040    	  2.8839    	  1.4522    	  2.3391    	 0.92289    	 0.81111    	  310.56    	 0.25794    	  2018.0    	  0.0000    	  237.00    
   172.000    	  2.2363    	  3.2366    	  323.66    	  728.11    	  235.84    	  105.95    	  1372.4    	  13.950    	  20.731    	  1.4800    	  1.2040    	  2.6685    	  1.4674    	  2.0705    	 0.91833    	 0.77590    	  307.30    	 0.25523    	  2018.0    	  0.0000    	  237.00    
   173.000    	  2.1516    	  3.4149    	  341.49    	  728.11    	  235.84    	  105.95    	  1386.3    	  12.900    	  16.305    	  1.3720    	  1.2040    	  2.0084    	  1.1768    	  1.7513    	 0.72602    	 0.87198    	  304.31    	 0.25275    	  2018.0    	  0.0000    	  237.00    
   174.000    	  2.0745    	  3.5695    	  356.95    	  728.11    	  235.84    	  105.95    	  1399.2    	  14.100    	  15.154    	  1.4580    	  1.2040    	  1.7340    	  1.1158    	  1.5492    	 0.68020    	 0.89343    	  301.83    	 0.25069    	  2018.0    	 0.10000    	  237.00    
   175.000    	  1.9953    	  3.7141    	  371.41    	  728.11    	  235.84    	  105.95    	  1413.3    	  14.150    	  12.947    	  1.5200    	  1.2040    	  1.5063    	  1.0013    	  1.3776    	 0.60377    	 0.91454    	  299.60    	 0.24884    	  2018.0    	  0.0000    	  237.10    
   176.000    	  1.9189    	  3.8380    	  383.80    	  728.11    	  235.84    	  105.95    	  1427.5    	  15.750    	  20.726    	  1.6630    	  1.2040    	  2.4565    	  1.7345    	  1.3829    	  1.0357    	 0.56295    	  297.62    	 0.24719    	  2018.0    	  0.0000    	  237.10    
   177.000    	  1.8373    	  3.9577    	  395.77    	  728.11    	  235.84    	  105.95    	  1443.2    	  15.650    	  27.693    	  1.6430    	  1.2040    	  3.2080    	  2.4204    	  1.3091    	  1.4279    	 0.40807    	  295.20    	 0.24518    	  2018.0    	  0.0000    	  237.10    
   178.000    	  1.7598    	  4.0709    	  407.09    	  728.11    	  235.84    	  105.95    	  1458.9    	  16.950    	  27.905    	  1.7200    	  1.2040    	  3.2109    	  2.5881    	  1.1134    	  1.5058    	 0.34675    	  292.46    	 0.24291    	  2018.0    	  0.0000    	  237.10    
   179.000    	  1.6780    	  4.1656    	  416.56    	  728.11    	  235.84    	  105.95    	  1475.8    	  19.700    	  24.733    	  1.9700    	  1.2040    	  2.8499    	  2.4719    	 0.89597    	  1.4190    	 0.31439    	  289.85    	 0.24074    	  2018.0    	  0.0000    	  237.10    
   180.000    	  1.5846    	  4.2396    	  423.96    	  728.11    	  235.84    	  105.95    	  1495.5    	  19.200    	  28.638    	  1.8940    	  1.2040    	  3.1851    	  3.0002    	 0.75822    	  1.7017    	 0.23806    	  287.53    	 0.23881    	  2018.0    	  0.0000    	  237.10    
   181.000    	  1.4990    	  4.3023    	  430.23    	  728.11    	  235.84    	  105.95    	  1514.7    	  19.000    	  29.207    	  1.9700    	  1.2040    	  3.1909    	  3.2460    	 0.58274    	  1.8174    	 0.18262    	  285.07    	 0.23677    	  2018.0    	  0.0000    	  237.10    
   182.000    	  1.4191    	  4.3498    	  434.98    	  728.11    	  235.84    	  105.95    	  1533.7    	  20.700    	  29.846    	  1.9720    	  1.2040    	  3.3592    	  3.6752    	 0.41732    	  2.0315    	 0.12423    	  282.67    	 0.23478    	  2018.0    	  0.0000    	  237.10    
   183.000    	  1.3354    	  4.3817    	  438.17    	  728.11    	  235.84    	  105.95    	  1554.4    	  18.450    	  29.738    	  1.9250    	  1.2040    	  2.9813    	  3.5622    	 0.23162    	  1.9432    	 7.76924E-02	  280.22    	 0.23274    	  2018.0    	  0.0000    	  237.10    
   184.000    	  1.2666    	  4.4008    	  440.08    	  728.11    	  235.84    	  105.95    	  1572.9    	  18.200    	  29.020    	  1.9810    	  1.2040    	  2.7769    	  3.5672    	 7.75688E-02	  1.9229    	 2.79340E-02	  278.05    	 0.23094    	  2018.0    	  0.0000    	  237.10    
   185.000    	  1.2024    	  4.4072    	  440.72    	  728.11    	  235.84    	  105.95    	  1591.1    	  20.150    	  24.978    	  1.8190    	  1.2040    	  2.1953    	  3.0546    	  0.0000    	  1.6285    	  0.0000    	  276.05    	 0.22927    	  2018.0    	  0.0000    	  237.10    
   186.000    	  1.1337    	  4.4072    	  440.72    	  728.11    	  235.84    	  105.95    	  1611.2    	  18.500    	  26.347    	  1.7340    	  1.2040    	  2.2109    	  3.3138    	  0.0000    	  1.7507    	  0.0000    	  274.42    	 0.22792    	  2018.0    	  0.0000    	  237.10    
   187.000    	  1.0751    	  4.4072    	  440.72    	  728.11    	  235.84    	  105.95    	  1629.7    	  18.700    	  22.521    	  1.6990    	  1.2040    	  1.7681    	  2.8505    	  0.0000    	  1.4911    	  0.0000    	  272.67    	 0.22647    	  2018.0    	  0.0000    	  237.10    
   188.000    	  1.0188    	  4.4072    	  440.72    	  728.11    	  235.84    	  105.95    	  1648.4    	  17.050    	  27.056    	  1.5030    	  1.2040    	  2.0070    	  3.4602    	  0.0000    	  1.7947    	  0.0000    	  271.18    	 0.22523    	  2018.0    	  0.0000    	  237.10    
   189.000    	 0.97112    	  4.4072    	  440.72    	  728.11    	  235.84    	  105.95    	  1665.5    	  16.550    	  28.516    	  1.5230    	  1.2040    	  2.0704    	  3.7815    	  0.0000    	  1.9412    	  0.0000    	  269.38    	 0.22374    	  2018.0    	  0.0000    	  237.10    
   190.000    	 0.92726    	  4.4072    	  440.72    	  728.11    	  235.84    	  105.95    	  1682.0    	  16.050    	  15.810    	  1.6340    	  1.2040    	  1.1051    	  2.1369    	  0.0000    	  1.0847    	  0.0000    	  267.44    	 0.22213    	  2018.0    	  0.0000    	  237.10    
   191.000    	 0.88693    	  4.4072    	  440.72    	  728.11    	  235.84    	  105.95    	  1698.1    	  16.450    	  14.527    	  1.4920    	  1.2040    	 0.88718    	  2.0372    	  0.0000    	  1.0275    	  0.0000    	  266.36    	 0.22123    	  2018.0    	  1.5000    	  237.10    
   192.000    	 0.84716    	  4.4072    	  440.72    	  728.11    	  235.84    	  105.95    	  1714.5    	  16.800    	  19.857    	  1.6420    	  1.2040    	  1.3185    	  2.8493    	  0.0000    	  1.4393    	  0.0000    	  266.61    	 0.22143    	  2018.0    	  0.0000    	  238.60    
   193.000    	 0.80819    	  4.4072    	  440.72    	  728.11    	  235.84    	  105.95    	  1731.3    	  19.000    	  27.302    	  1.8120    	  1.2040    	  1.8224    	  4.1705    	  0.0000    	  2.0888    	  0.0000    	  265.17    	 0.22024    	  2018.0    	  0.0000    	  238.60    
   194.000    	 0.76509    	  4.4072    	  440.72    	  728.11    	  235.84    	  105.95    	  1750.3    	  17.100    	  27.886    	  1.6780    	  1.2040    	  1.7040    	  4.1709    	  0.0000    	  2.0632    	  0.0000    	  263.08    	 0.21850    	  2018.0    	  0.0000    	  238.60    
   195.000    	 0.72913    	  4.4072    	  440.72    	  728.11    	  235.84    	  105.95    	  1767.4    	  18.000    	  28.491    	  1.6470    	  1.2040    	  1.6734    	  4.3484    	  0.0000    	  2.1243    	  0.0000    	  261.01    	 0.21679    	  2018.0    	  0.0000    	  238.60    
   196.000    	 0.69267    	  4.4072    	  440.72    	  728.11    	  235.84    	  105.95    	  1785.4    	  19.550    	  27.435    	  1.6400    	  1.2040    	  1.5063    	  4.1883    	  0.0000    	  2.0198    	  0.0000    	  258.89    	 0.21503    	  2018.0    	  0.0000    	  238.60    
   197.000    	 0.65446    	  4.4072    	  440.72    	  728.11    	  235.84    	  105.95    	  1805.0    	  20.250    	  26.948    	  1.7150    	  1.2040    	  1.4221    	  4.2297    	  0.0000    	  2.0143    	  0.0000    	  256.87    	 0.21335    	  2018.0    	  0.0000    	  238.60    
   198.000    	 0.61683    	  4.4072    	  440.72    	  728.11    	  235.84    	  105.95    	  1825.2    	  18.650    	  24.862    	  1.7990    	  1.2040    	  1.3336    	  4.1998    	  0.0000    	  1.9750    	  0.0000    	  254.86    	 0.21167    	  2018.0    	  0.0000    	  238.60    
   199.000    	 0.58465    	  4.4072    	  440.72    	  728.11    	  235.84    	  105.95    	  1843.9    	  17.400    	  19.258    	  1.6380    	  1.2040    	 0.89634    	  3.0308    	  0.0000    	  1.4075    	  0.0000    	  252.88    	 0.21003    	  2018.0    	  0.0000    	  238.60    
   200.000    	 0.55659    	  4.4072    	  440.72    	  728.11    	  235.84    	  105.95    	  1861.3    	  19.900    	  20.677    	  1.7420    	  1.2040    	 0.91640    	  3.3015    	  0.0000    	  1.5194    	  0.0000    	  251.47    	 0.20887    	  2018.0    	  0.0000    	  238.60    
   201.000    	 0.52523    	  4.4072    	  440.72    	  728.11    	  235.84    	  105.95    	  1881.2    	  18.050    	  23.140    	  1.7250    	  1.2040    	  1.0115    	  3.8579    	  0.0000    	  1.7581    	  0.0000    	  249.95    	 0.20760    	  2018.0    	  0.0000    	  238.60    
   202.000    	 0.49888    	  4.4072    	  440.72    	  728.11    	  235.84    	  105.95    	  1899.2    	  20.900    	  25.305    	  1.8690    	  1.2040    	  1.0985    	  4.4482    	  0.0000    	  2.0039    	  0.0000    	  248.20    	 0.20614    	  2018.0    	  0.0000    	  238.60    
   203.000    	 0.46912    	  4.4072    	  440.72    	  728.11    	  235.84    	  105.95    	  1920.1    	  19.900    	  23.964    	  1.8420    	  1.2040    	 0.98573    	  4.2683    	  0.0000    	  1.8975    	  0.0000    	  246.19    	 0.20448    	  2018.0    	  0.0000    	  238.60    
   204.000    	 0.44269    	  4.4072    	  440.72    	  728.11    	  235.84    	  105.95    	  1940.0    	  20.850    	  24.653    	  1.9950    	  1.2040    	 0.95300    	  4.4179    	  0.0000    	  1.9392    	  0.0000    	  244.29    	 0.20290    	  2018.0    	  0.0000    	  238.60    
   205.000    	 0.41635    	  4.4072    	  440.72    	  728.11    	  235.84    	  105.95    	  1960.9    	  23.950    	  24.842    	  2.2530    	  1.2040    	 0.92657    	  4.6156    	  0.0000    	  1.9994    	  0.0000    	  242.36    	 0.20129    	  2018.0    	  0.0000    	  238.60    
   206.000    	 0.38728    	  4.4072    	  440.72    	  728.11    	  235.84    	  105.95    	  1984.8    	  25.100    	  22.480    	  2.3590    	  1.2040    	 0.81156    	  4.3693    	  0.0000    	  1.8668    	  0.0000    	  240.36    	 0.19963    	  2018.0    	  0.0000    	  238.60    
   207.000    	 0.35875    	  4.4072    	  440.72    	  728.11    	  235.84    	  105.95    	  2009.9    	  26.150    	  23.844    	  2.7070    	  1.2040    	 0.83160    	  4.8556    	  0.0000    	  2.0477    	  0.0000    	  238.49    	 0.19808    	  2018.0    	  0.0000    	  238.60    
   208.000    	 0.33106    	  4.4072    	  440.72    	  728.11    	  235.84    	  105.95    	  2036.1    	  27.450    	  26.047    	  3.1570    	  1.2040    	 0.91560    	  5.7872    	  0.0000    	  2.4054    	  0.0000    	  236.44    	 0.19638    	  2018.0    	  0.0000    	  238.60    
   209.000    	 0.30408    	  4.4072    	  440.72    	  728.11    	  235.84    	  105.95    	  2063.5    	  19.300    	  16.065    	  2.2050    	  1.2040    	 0.43842    	  3.2900    	  0.0000    	  1.3440    	  0.0000    	  234.04    	 0.19438    	  2018.0    	  1.3000    	  238.60    
   210.000    	 0.28756    	  4.4072    	  440.72    	  728.11    	  235.84    	  105.95    	  2082.8    	  19.600    	  16.638    	  2.3300    	  1.2040    	 0.45997    	  3.3826    	  0.0000    	  1.3806    	  0.0000    	  233.92    	 0.19428    	  2018.0    	  0.0000    	  239.90    




*----------------------------------------------------------------------------
* Output from rerun set:    1
* Output table format  : Spreadsheet output
* Simulation results
* LINTUL2
 
TIME	LAI	WSOTHA	WSO	WST	WLV	WRT	TSUM	DAVTMP	DTR	VP	ROOTD	PTRAN	PEVAP	TRAN	EVAP	TRANRF	WA	WC	YEAR	RAIN	TRAIN
 
   30.0000    	  0.0000    	  0.0000    	  0.0000    	  0.0000    	 0.54545    	  0.0000    	  0.0000    	 -2.6000    	  1.8140    	 0.51300    	 0.10000    	  0.0000    	 0.20045    	  0.0000    	 0.20045    	  0.0000    	  36.000    	 0.36000    	  2011.0    	  0.0000    	  0.0000    
   31.0000    	  0.0000    	  0.0000    	  0.0000    	  0.0000    	 0.54545    	  0.0000    	  0.0000    	 -2.3000    	  1.3820    	 0.49600    	 0.10000    	  0.0000    	 0.15189    	  0.0000    	 0.15080    	  0.0000    	  35.800    	 0.35800    	  2011.0    	  0.0000    	  0.0000    
   32.0000    	  0.0000    	  0.0000    	  0.0000    	  0.0000    	 0.54545    	  0.0000    	  0.0000    	 -1.4000    	  1.5550    	 0.53000    	 0.10000    	  0.0000    	 0.20834    	  0.0000    	 0.20572    	  0.0000    	  35.649    	 0.35649    	  2011.0    	 0.60000    	  0.0000    
   33.0000    	 1.20000E-02	  0.0000    	  0.0000    	  0.0000    	 0.54545    	  0.0000    	  0.0000    	  2.7000    	  1.1230    	 0.73400    	 0.11200    	  0.0000    	 0.18196    	  0.0000    	 0.18196    	  0.0000    	  40.320    	 0.36000    	  2011.0    	 0.20000    	 0.60000    
   34.0000    	 1.20000E-02	  0.0000    	  0.0000    	  0.0000    	 0.54545    	  0.0000    	  2.7000    	  4.7000    	  3.9740    	 0.83300    	 0.12400    	 2.09620E-03	 0.67522    	 2.09620E-03	 0.67522    	  1.0000    	  44.640    	 0.36000    	  2011.0    	  4.2000    	 0.80000    
   35.0000    	 1.25185E-02	  0.0000    	  0.0000    	 7.27005E-03	 0.55957    	 2.13825E-02	  7.4000    	  7.8000    	 0.60500    	 0.98500    	 0.13600    	 7.63476E-04	 0.38381    	 7.63476E-04	 0.38381    	  1.0000    	  48.960    	 0.36000    	  2011.0    	 0.90000    	  5.0000    
   36.0000    	 1.34289E-02	  0.0000    	  0.0000    	 8.42448E-03	 0.56181    	 2.47779E-02	  15.200    	  10.800    	  1.2960    	  1.1000    	 0.14800    	 6.70679E-03	  1.0257    	 6.70679E-03	  1.0257    	  1.0000    	  53.280    	 0.36000    	  2011.0    	  0.0000    	  5.9000    
   37.0000    	 1.47997E-02	  0.0000    	  0.0000    	 1.10766E-02	 0.56696    	 3.25781E-02	  26.000    	  9.8000    	  1.7280    	 0.99000    	 0.16000    	 7.32010E-03	  1.0248    	 7.32010E-03	  1.0012    	  1.0000    	  56.568    	 0.35355    	  2011.0    	  0.0000    	  5.9000    
   38.0000    	 1.61643E-02	  0.0000    	  0.0000    	 1.49720E-02	 0.57452    	 4.40354E-02	  35.800    	  8.5500    	  5.8750    	 0.86600    	 0.17200    	 1.13344E-02	  1.5255    	 1.13344E-02	  1.4608    	  1.0000    	  59.879    	 0.34813    	  2011.0    	  0.0000    	  5.9000    
   39.0000    	 1.74573E-02	  0.0000    	  0.0000    	 2.94315E-02	 0.60259    	 8.65633E-02	  44.350    	  3.4000    	  7.8620    	 0.70000    	 0.18400    	 9.03915E-03	  1.1777    	 9.03915E-03	  1.0974    	  1.0000    	  62.727    	 0.34091    	  2011.0    	  0.0000    	  5.9000    
   40.0000    	 1.79997E-02	  0.0000    	  0.0000    	 5.03211E-02	 0.64314    	 0.14800    	  47.750    	  3.1000    	  6.9120    	 0.62000    	 0.19600    	 7.53004E-03	 0.96052    	 7.53004E-03	 0.87967    	  1.0000    	  65.940    	 0.33643    	  2011.0    	  0.0000    	  5.9000    
   41.0000    	 1.85090E-02	  0.0000    	  0.0000    	 6.92540E-02	 0.67989    	 0.20369    	  50.850    	  7.3500    	  3.3700    	 0.97000    	 0.20800    	 2.49590E-03	 0.58856    	 2.49590E-03	 0.53291    	  1.0000    	  69.373    	 0.33353    	  2011.0    	  10.500    	  5.9000    
   42.0000    	 1.97748E-02	  0.0000    	  0.0000    	 7.87446E-02	 0.69831    	 0.23160    	  58.200    	  7.2500    	  1.8140    	  1.0700    	 0.22000    	  0.0000    	 0.15738    	  0.0000    	 0.15738    	  0.0000    	  79.200    	 0.36000    	  2011.0    	  2.3000    	  16.400    
   43.0000    	 1.97748E-02	  0.0000    	  0.0000    	 7.87446E-02	 0.69831    	 0.23160    	  65.450    	  5.5000    	  2.3330    	 0.89000    	 0.23200    	 1.07125E-03	 0.40317    	 1.07125E-03	 0.40317    	  1.0000    	  83.520    	 0.36000    	  2011.0    	  10.400    	  18.700    
   44.0000    	 2.07782E-02	  0.0000    	  0.0000    	 8.57615E-02	 0.71193    	 0.25224    	  70.950    	  6.6000    	  4.4930    	 0.89000    	 0.24400    	 7.07014E-03	 0.76980    	 7.07014E-03	 0.76980    	  1.0000    	  87.840    	 0.36000    	  2011.0    	  0.0000    	  29.100    
   45.0000    	 2.20499E-02	  0.0000    	  0.0000    	 9.99564E-02	 0.73949    	 0.29399    	  77.550    	  6.1000    	  2.1600    	 0.91000    	 0.25600    	 7.41684E-04	 0.35943    	 7.41684E-04	 0.35554    	  1.0000    	  91.383    	 0.35697    	  2011.0    	  2.7000    	  29.100    
   46.0000    	 2.32943E-02	  0.0000    	  0.0000    	 0.10720    	 0.75354    	 0.31528    	  83.650    	  5.3500    	  5.8750    	 0.83000    	 0.26800    	 7.23230E-03	 0.98246    	 7.23230E-03	 0.98246    	  1.0000    	  96.480    	 0.36000    	  2011.0    	 0.50000    	  31.800    
   47.0000    	 2.44433E-02	  0.0000    	  0.0000    	 0.12799    	 0.79390    	 0.37644    	  89.000    	  5.6500    	  7.5170    	 0.84000    	 0.28000    	 1.03120E-02	  1.2376    	 1.03120E-02	  1.2297    	  1.0000    	  100.30    	 0.35823    	  2011.0    	 0.10000    	  32.300    
   48.0000    	 2.57184E-02	  0.0000    	  0.0000    	 0.15590    	 0.84808    	 0.45852    	  94.650    	  4.5000    	  8.6400    	 0.64000    	 0.29200    	 1.52828E-02	  1.3474    	 1.52828E-02	  1.3204    	  1.0000    	  103.48    	 0.35438    	  2011.0    	  0.0000    	  32.400    
   49.0000    	 2.67814E-02	  0.0000    	  0.0000    	 0.18963    	 0.91356    	 0.55774    	  99.150    	  1.0000    	  1.0370    	 0.57000    	 0.30400    	 1.64465E-03	 0.13967    	 1.64465E-03	 0.13479    	  1.0000    	  106.46    	 0.35021    	  2011.0    	  0.0000    	  32.400    
   50.0000    	 2.70235E-02	  0.0000    	  0.0000    	 0.19385    	 0.92175    	 0.57014    	  100.15    	  2.3500    	  4.6660    	 0.61000    	 0.31600    	 1.01273E-02	 0.82799    	 1.01273E-02	 0.79885    	  1.0000    	  110.65    	 0.35015    	  2011.0    	  0.0000    	  32.400    
   51.0000    	 2.76011E-02	  0.0000    	  0.0000    	 0.21298    	 0.95889    	 0.62642    	  102.50    	 0.15000    	  5.3570    	 0.46000    	 0.32800    	 1.30268E-02	  1.0258    	 1.30268E-02	 0.98197    	  1.0000    	  114.16    	 0.34804    	  2011.0    	  0.0000    	  32.400    
   52.0000    	 2.76384E-02	  0.0000    	  0.0000    	 0.23542    	  1.0024    	 0.69241    	  102.65    	 -1.5000    	  10.109    	 0.33000    	 0.34000    	 2.00726E-02	  1.5987    	 2.00726E-02	  1.5161    	  1.0000    	  117.48    	 0.34554    	  2011.0    	  0.0000    	  32.400    
   53.0000    	 2.76384E-02	  0.0000    	  0.0000    	 0.27782    	  1.0847    	 0.81710    	  102.65    	 -1.9500    	  9.8500    	 0.34000    	 0.35200    	 1.61507E-02	  1.3100    	 1.61507E-02	  1.2243    	  1.0000    	  120.27    	 0.34167    	  2011.0    	  0.0000    	  32.400    
   54.0000    	 2.76384E-02	  0.0000    	  0.0000    	 0.31912    	  1.1649    	 0.93860    	  102.65    	 0.45000    	  4.1470    	 0.45500    	 0.36400    	 5.53928E-03	 0.71554    	 5.53928E-03	 0.66152    	  1.0000    	  123.35    	 0.33886    	  2011.0    	  3.3000    	  32.400    
   55.0000    	 2.77506E-02	  0.0000    	  0.0000    	 0.33652    	  1.1987    	 0.98975    	  103.10    	  2.7000    	  1.7280    	 0.76000    	 0.37600    	  0.0000    	 0.20224    	  0.0000    	 0.19250    	  0.0000    	  130.29    	 0.34652    	  2011.0    	  2.9000    	  35.700    
   56.0000    	 2.77506E-02	  0.0000    	  0.0000    	 0.33652    	  1.1987    	 0.98975    	  105.80    	  5.5000    	  1.7280    	 0.92000    	 0.38800    	  0.0000    	 0.23977    	  0.0000    	 0.23455    	  0.0000    	  137.31    	 0.35390    	  2011.0    	 0.60000    	  38.600    
   57.0000    	 2.77506E-02	  0.0000    	  0.0000    	 0.33652    	  1.1987    	 0.98975    	  111.30    	  7.8000    	  2.6780    	 0.99000    	 0.40000    	 3.00005E-03	 0.52010    	 3.00005E-03	 0.51077    	  1.0000    	  141.99    	 0.35498    	  2011.0    	  4.4000    	  39.200    
   58.0000    	 2.97687E-02	  0.0000    	  0.0000    	 0.34781    	  1.2206    	  1.0228    	  119.10    	  3.2500    	  1.3820    	 0.81000    	 0.41200    	  0.0000    	 2.31319E-02	  0.0000    	 2.31319E-02	  0.0000    	  148.32    	 0.36000    	  2011.0    	  19.700    	  43.600    
   59.0000    	 2.97687E-02	  0.0000    	  0.0000    	 0.34781    	  1.2206    	  1.0228    	  122.35    	  2.2500    	  1.9010    	 0.72000    	 0.42400    	 3.00494E-05	 0.28401    	 3.00494E-05	 0.28401    	  1.0000    	  152.64    	 0.36000    	  2011.0    	 0.50000    	  63.300    
   60.0000    	 3.03776E-02	  0.0000    	  0.0000    	 0.35650    	  1.2378    	  1.0475    	  124.60    	  3.0500    	  5.1840    	 0.70000    	 0.43600    	 1.08193E-02	 0.80187    	 1.08193E-02	 0.80187    	  1.0000    	  156.96    	 0.36000    	  2011.0    	  0.0000    	  63.800    
   61.0000    	 3.12231E-02	  0.0000    	  0.0000    	 0.38075    	  1.2858    	  1.1157    	  127.65    	  2.7500    	  11.750    	 0.53000    	 0.44800    	 2.51182E-02	  1.8093    	 2.51182E-02	  1.7976    	  1.0000    	  160.47    	 0.35819    	  2011.0    	  0.0000    	  63.800    
   62.0000    	 3.20055E-02	  0.0000    	  0.0000    	 0.43741    	  1.3983    	  1.2737    	  130.40    	  2.2000    	  12.010    	 0.48000    	 0.46000    	 2.49488E-02	  1.7599    	 2.49488E-02	  1.7239    	  1.0000    	  162.96    	 0.35427    	  2011.0    	  0.0000    	  63.800    
   63.0000    	 3.26455E-02	  0.0000    	  0.0000    	 0.49693    	  1.5168    	  1.4382    	  132.60    	  2.2000    	  11.664    	 0.49000    	 0.47200    	 2.20700E-02	  1.5482    	 2.20700E-02	  1.4968    	  1.0000    	  165.54    	 0.35071    	  2011.0    	  0.0000    	  63.800    
   64.0000    	 3.32983E-02	  0.0000    	  0.0000    	 0.55602    	  1.6349    	  1.6005    	  134.80    	  2.2000    	  3.9740    	 0.65000    	 0.48400    	 7.40144E-03	 0.51139    	 7.40144E-03	 0.48912    	  1.0000    	  168.34    	 0.34780    	  2011.0    	  0.0000    	  63.800    
   65.0000    	 3.39642E-02	  0.0000    	  0.0000    	 0.57659    	  1.6761    	  1.6566    	  137.00    	  2.0500    	  13.046    	 0.45000    	 0.49600    	 2.57753E-02	  1.7352    	 2.57753E-02	  1.6552    	  1.0000    	  172.16    	 0.34710    	  2011.0    	  0.0000    	  63.800    
   66.0000    	 3.45966E-02	  0.0000    	  0.0000    	 0.64564    	  1.8148    	  1.8436    	  139.05    	  1.9500    	  13.565    	 0.33000    	 0.50800    	 3.13268E-02	  2.0338    	 3.13268E-02	  1.9183    	  1.0000    	  174.80    	 0.34409    	  2011.0    	  0.0000    	  63.800    
   67.0000    	 3.52092E-02	  0.0000    	  0.0000    	 0.71891    	  1.9623    	  2.0408    	  141.00    	  5.0500    	  13.565    	 0.39000    	 0.52000    	 3.29678E-02	  2.1212    	 3.29678E-02	  1.9751    	  1.0000    	  177.17    	 0.34071    	  2011.0    	  0.0000    	  63.800    
   68.0000    	 3.68464E-02	  0.0000    	  0.0000    	 0.79362    	  2.1130    	  2.2407    	  146.05    	  6.5500    	  5.2700    	 0.80000    	 0.53200    	 1.37348E-02	  1.0942    	 1.37348E-02	  1.0058    	  1.0000    	  179.48    	 0.33737    	  2011.0    	 0.60000    	  63.800    
   69.0000    	 3.90837E-02	  0.0000    	  0.0000    	 0.82413    	  2.1750    	  2.3211    	  152.60    	  6.7500    	  2.3330    	 0.92000    	 0.54400    	 4.87184E-03	 0.54240    	 4.87184E-03	 0.49801    	  1.0000    	  183.37    	 0.33708    	  2011.0    	 0.20000    	  64.400    
   70.0000    	 4.15317E-02	  0.0000    	  0.0000    	 0.83855    	  2.2045    	  2.3583    	  159.35    	  7.2500    	  10.022    	 0.75000    	 0.55600    	 3.50407E-02	  1.8788    	 3.50407E-02	  1.7246    	  1.0000    	  187.38    	 0.33702    	  2011.0    	  0.0000    	  64.600    
   71.0000    	 4.43320E-02	  0.0000    	  0.0000    	 0.90477    	  2.3409    	  2.5256    	  166.60    	  8.3500    	  10.886    	 0.80000    	 0.56800    	 3.12615E-02	  1.8759    	 3.12615E-02	  1.7044    	  1.0000    	  189.94    	 0.33440    	  2011.0    	 0.10000    	  64.600    
   72.0000    	 4.77919E-02	  0.0000    	  0.0000    	 0.98204    	  2.5015    	  2.7164    	  174.95    	  11.100    	  4.7520    	  1.1100    	 0.58000    	 1.12867E-02	 0.82345    	 1.12867E-02	 0.74138    	  1.0000    	  192.61    	 0.33209    	  2011.0    	  1.5000    	  64.700    
   73.0000    	 5.28130E-02	  0.0000    	  0.0000    	  1.0187    	  2.5783    	  2.8044    	  186.05    	  11.400    	  5.4430    	  1.2100    	 0.59200    	 1.37491E-02	 0.88685    	 1.37491E-02	 0.80419    	  1.0000    	  197.67    	 0.33390    	  2011.0    	  1.4000    	  66.200    
   74.0000    	 5.85193E-02	  0.0000    	  0.0000    	  1.0655    	  2.6776    	  2.9130    	  197.45    	  12.600    	  11.750    	  1.1300    	 0.60400    	 6.84466E-02	  2.5852    	 6.84466E-02	  2.3577    	  1.0000    	  202.56    	 0.33536    	  2011.0    	  0.0000    	  67.600    
   75.0000    	 6.55463E-02	  0.0000    	  0.0000    	  1.1785    	  2.9202    	  3.1655    	  210.05    	  7.8500    	  10.541    	 0.89000    	 0.61600    	 6.14409E-02	  2.0651    	 6.14409E-02	  1.8579    	  1.0000    	  204.45    	 0.33190    	  2011.0    	  0.0000    	  67.600    
   76.0000    	 7.03447E-02	  0.0000    	  0.0000    	  1.2933    	  3.1694    	  3.4112    	  217.90    	  6.3000    	  4.3200    	 0.89000    	 0.62800    	 2.21751E-02	 0.70570    	 2.21751E-02	 0.62853    	  1.0000    	  206.85    	 0.32938    	  2011.0    	  0.0000    	  67.600    
   77.0000    	 7.44484E-02	  0.0000    	  0.0000    	  1.3441    	  3.2806    	  3.5171    	  224.20    	  7.0000    	  6.4800    	 0.91000    	 0.64000    	 2.67146E-02	  1.0816    	 2.67146E-02	 0.96166    	  1.0000    	  210.52    	 0.32894    	  2011.0    	  5.3000    	  67.600    
   78.0000    	 7.92896E-02	  0.0000    	  0.0000    	  1.4251    	  3.4589    	  3.6824    	  231.20    	  4.2000    	  14.170    	 0.68000    	 0.65200    	 7.32432E-02	  2.0745    	 7.32432E-02	  1.8974    	  1.0000    	  219.14    	 0.33610    	  2011.0    	  0.0000    	  72.900    
   79.0000    	 8.23441E-02	  0.0000    	  0.0000    	  1.6147    	  3.8791    	  4.0601    	  235.40    	  4.5000    	  15.898    	 0.50000    	 0.66400    	 7.14622E-02	  1.9982    	 7.14622E-02	  1.8095    	  1.0000    	  221.48    	 0.33356    	  2011.0    	  0.0000    	  72.900    
   80.0000    	 8.57475E-02	  0.0000    	  0.0000    	  1.8363    	  4.3720    	  4.4951    	  239.90    	  6.2500    	  16.157    	 0.52000    	 0.67600    	 7.89417E-02	  2.1217    	 7.89417E-02	  1.9038    	  1.0000    	  223.92    	 0.33125    	  2011.0    	  0.0000    	  72.900    
   81.0000    	 9.07090E-02	  0.0000    	  0.0000    	  2.0717    	  4.8975    	  4.9496    	  246.15    	  7.4500    	  14.861    	 0.74000    	 0.68800    	 8.74016E-02	  2.1877    	 8.74016E-02	  1.9445    	  1.0000    	  226.26    	 0.32887    	  2011.0    	  0.0000    	  72.900    
   82.0000    	 9.69996E-02	  0.0000    	  0.0000    	  2.3016    	  5.4138    	  5.3842    	  253.60    	  9.1000    	  14.861    	 0.82000    	 0.70000    	 9.85764E-02	  2.3012    	 9.85764E-02	  2.0259    	  1.0000    	  228.55    	 0.32650    	  2011.0    	  0.0000    	  72.900    
   83.0000    	 0.10528    	  0.0000    	  0.0000    	  2.5488    	  5.9723    	  5.8388    	  262.70    	  8.7000    	  16.070    	 0.86000    	 0.71200    	 0.11827    	  2.5265    	 0.11827    	  2.2024    	  1.0000    	  230.74    	 0.32408    	  2011.0    	  0.0000    	  72.900    
   84.0000    	 0.11385    	  0.0000    	  0.0000    	  2.8406    	  6.6368    	  6.3581    	  271.40    	  8.8500    	  14.256    	 0.81000    	 0.72400    	 0.11282    	  2.2261    	 0.11282    	  1.9197    	  1.0000    	  232.74    	 0.32147    	  2011.0    	  0.0000    	  72.900    
   85.0000    	 0.12329    	  0.0000    	  0.0000    	  3.1221    	  7.2823    	  6.8431    	  280.25    	  4.6000    	  5.6160    	 0.73000    	 0.73600    	 3.94297E-02	 0.72356    	 3.94297E-02	 0.61848    	  1.0000    	  235.03    	 0.31934    	  2011.0    	  0.0000    	  72.900    
   86.0000    	 0.12850    	  0.0000    	  0.0000    	  3.2449    	  7.5584    	  7.0449    	  284.85    	  7.3000    	  17.798    	 0.56000    	 0.74800    	 0.14825    	  2.5897    	 0.14825    	  2.2115    	  1.0000    	  238.69    	 0.31911    	  2011.0    	  0.0000    	  72.900    
   87.0000    	 0.13723    	  0.0000    	  0.0000    	  3.6578    	  8.4683    	  7.7031    	  292.15    	  4.3000    	  14.602    	 0.65000    	 0.76000    	 0.12680    	  2.0498    	 0.12680    	  1.7325    	  1.0000    	  240.65    	 0.31665    	  2011.0    	  0.0000    	  72.900    
   88.0000    	 0.14264    	  0.0000    	  0.0000    	  4.0295    	  9.2625    	  8.2684    	  296.45    	  6.2000    	  17.712    	 0.63000    	 0.77200    	 0.15381    	  2.4206    	 0.15381    	  2.0308    	  1.0000    	  243.11    	 0.31491    	  2011.0    	  0.0000    	  72.900    
   89.0000    	 0.15083    	  0.0000    	  0.0000    	  4.5055    	  10.262    	  8.9726    	  302.65    	  8.1500    	  9.2450    	  1.0100    	 0.78400    	 8.83733E-02	  1.5562    	 8.83733E-02	  1.2939    	  1.0000    	  245.25    	 0.31282    	  2011.0    	  1.1000    	  72.900    
   90.0000    	 0.16231    	  0.0000    	  0.0000    	  4.7739    	  10.811    	  9.3545    	  310.80    	  11.750    	  2.5920    	  1.3200    	 0.79600    	 2.07588E-02	 0.54299    	 2.07588E-02	 0.45209    	  1.0000    	  249.25    	 0.31313    	  2011.0    	  5.3000    	  74.000    
   91.0000    	 0.18041    	  0.0000    	  0.0000    	  4.8571    	  10.976    	  9.4670    	  322.55    	  13.050    	  3.9740    	  1.3900    	 0.80800    	 6.59130E-02	 0.78826    	 6.59130E-02	 0.67494    	  1.0000    	  258.36    	 0.31975    	  2011.0    	  0.0000    	  79.300    
   92.0000    	 0.20290    	  0.0000    	  0.0000    	  5.0043    	  11.255    	  9.6521    	  335.60    	  16.500    	  16.934    	  1.2300    	 0.82000    	 0.31695    	  3.3772    	 0.31695    	  2.8879    	  1.0000    	  261.94    	 0.31943    	  2011.0    	  0.0000    	  79.300    
   93.0000    	 0.23209    	  0.0000    	  0.0000    	  5.7379    	  12.582    	  10.503    	  352.10    	  11.800    	  7.6030    	  1.2400    	 0.83200    	 0.11102    	  1.3010    	 0.11102    	  1.0973    	  1.0000    	  263.05    	 0.31617    	  2011.0    	  3.2000    	  79.300    
   94.0000    	 0.24691    	  0.0000    	  0.0000    	  6.1323    	  13.256    	  10.918    	  363.90    	  10.750    	  13.478    	 0.94000    	 0.84400    	 0.29433    	  2.5192    	 0.29433    	  2.1510    	  1.0000    	  269.30    	 0.31908    	  2011.0    	  0.0000    	  82.500    
   95.0000    	 0.27469    	  0.0000    	  0.0000    	  6.9012    	  14.519    	  11.670    	  374.65    	  8.9500    	  4.8380    	 0.91000    	 0.85600    	 0.12807    	 0.96411    	 0.12807    	 0.81535    	  1.0000    	  271.18    	 0.31680    	  2011.0    	  0.0000    	  82.500    
   96.0000    	 0.28568    	  0.0000    	  0.0000    	  7.2159    	  15.018    	  11.958    	  383.60    	  15.450    	  10.886    	  1.3700    	 0.86800    	 0.28436    	  2.0987    	 0.28436    	  1.7712    	  1.0000    	  274.56    	 0.31631    	  2011.0    	  0.0000    	  82.500    
   97.0000    	 0.31127    	  0.0000    	  0.0000    	  7.9698    	  16.181    	  12.613    	  399.05    	  10.500    	  12.010    	  1.1600    	 0.88000    	 0.29295    	  1.9790    	 0.29295    	  1.6579    	  1.0000    	  276.82    	 0.31457    	  2011.0    	  0.0000    	  82.500    
   98.0000    	 0.34173    	  0.0000    	  0.0000    	  8.9099    	  17.566    	  13.358    	  409.55    	  10.200    	  19.440    	 0.92000    	 0.89200    	 0.49586    	  3.0398    	 0.49586    	  2.5295    	  1.0000    	  279.19    	 0.31299    	  2011.0    	  0.0000    	  82.500    
   99.0000    	 0.39529    	  0.0000    	  0.0000    	  10.615    	  20.001    	  14.624    	  419.75    	  10.400    	  19.613    	 0.82000    	 0.90400    	 0.55118    	  2.8961    	 0.55118    	  2.3817    	  1.0000    	  280.48    	 0.31027    	  2011.0    	  0.0000    	  82.500    
   100.000    	 0.45674    	  0.0000    	  0.0000    	  12.628    	  22.794    	  16.030    	  430.15    	  11.250    	  19.354    	 0.71000    	 0.91600    	 0.55817    	  2.5413    	 0.55817    	  2.0668    	  1.0000    	  281.87    	 0.30772    	  2011.0    	  0.0000    	  82.500    
   101.000    	 0.52547    	  0.0000    	  0.0000    	  14.945    	  25.918    	  17.547    	  441.40    	  12.900    	  19.267    	 0.91000    	 0.92800    	 0.68864    	  2.8764    	 0.68864    	  2.3172    	  1.0000    	  283.57    	 0.30557    	  2011.0    	  2.0000    	  82.500    
   102.000    	 0.60252    	  0.0000    	  0.0000    	  17.623    	  29.420    	  19.183    	  454.30    	  7.3500    	  13.565    	 0.82000    	 0.94000    	 0.51780    	  1.9013    	 0.51780    	  1.5282    	  1.0000    	  286.75    	 0.30505    	  2011.0    	 0.80000    	  84.500    
   103.000    	 0.66325    	  0.0000    	  0.0000    	  19.806    	  32.180    	  20.412    	  461.65    	  7.9000    	  16.070    	 0.72000    	 0.95200    	 0.70068    	  2.0320    	 0.70068    	  1.6276    	  1.0000    	  289.67    	 0.30428    	  2011.0    	  0.0000    	  85.300    
   104.000    	 0.74101    	  0.0000    	  0.0000    	  22.655    	  35.715    	  21.942    	  469.55    	  7.1000    	  9.5900    	 0.85000    	 0.96400    	 0.40176    	  1.0361    	 0.40176    	 0.82355    	  1.0000    	  291.66    	 0.30256    	  2011.0    	  0.0000    	  85.300    
   105.000    	 0.79169    	  0.0000    	  0.0000    	  24.548    	  38.019    	  22.908    	  476.65    	  8.3500    	  20.218    	 0.68000    	 0.97600    	 0.88910    	  2.1298    	 0.88910    	  1.6886    	  1.0000    	  294.76    	 0.30201    	  2011.0    	  0.0000    	  85.300    
   106.000    	 0.90410    	  0.0000    	  0.0000    	  28.824    	  43.128    	  24.990    	  485.00    	  8.8000    	  15.811    	 0.74000    	 0.98800    	 0.75251    	  1.5405    	 0.75251    	  1.2109    	  1.0000    	  296.50    	 0.30010    	  2011.0    	  0.0000    	  85.300    
   107.000    	  1.0013    	  0.0000    	  0.0000    	  32.597    	  47.547    	  26.728    	  493.80    	  11.450    	  17.194    	 0.81000    	  1.0000    	 0.95597    	  1.7198    	 0.95597    	  1.3443    	  1.0000    	  298.86    	 0.29886    	  2011.0    	  0.0000    	  85.300    
   108.000    	  1.1152    	  0.0000    	  0.0000    	  37.111    	  52.723    	  28.686    	  505.25    	  10.800    	  21.859    	 0.65000    	  1.0120    	  1.4478    	  2.2333    	  1.4478    	  1.7333    	  1.0000    	  300.88    	 0.29731    	  2011.0    	  0.0000    	  85.300    
   109.000    	  1.2713    	  0.0000    	  0.0000    	  43.467    	  59.818    	  31.230    	  516.05    	  15.900    	  21.600    	 0.82000    	  1.0240    	  1.7917    	  2.3191    	  1.7917    	  1.7802    	  1.0000    	  302.02    	 0.29494    	  2011.0    	  0.0000    	  85.300    
   110.000    	  1.4397    	  0.0000    	  0.0000    	  50.497    	  67.473    	  33.834    	  531.95    	  14.500    	  22.118    	 0.88000    	  1.0360    	  1.7551    	  1.9409    	  1.7551    	  1.4712    	  1.0000    	  302.76    	 0.29224    	  2011.0    	  0.0000    	  85.300    
   111.000    	  1.6262    	  0.0000    	  0.0000    	  58.562    	  75.949    	  36.485    	  546.45    	  15.800    	  20.736    	 0.90000    	  1.0480    	  1.8090    	  1.6838    	  1.8090    	  1.2625    	  1.0000    	  303.86    	 0.28994    	  2011.0    	  0.0000    	  85.300    
   112.000    	  1.8140    	  0.0000    	  0.0000    	  66.947    	  84.488    	  38.941    	  562.25    	  20.200    	  20.045    	 0.96000    	  1.0600    	  2.1362    	  1.6779    	  2.1362    	  1.2455    	  1.0000    	  305.11    	 0.28784    	  2011.0    	  0.0000    	  85.300    
   113.000    	  2.0028    	  0.0000    	  0.0000    	  75.947    	  93.070    	  41.301    	  582.45    	  18.050    	  21.773    	 0.92000    	  1.0720    	  2.3257    	  1.5707    	  2.3257    	  1.1527    	  1.0000    	  306.04    	 0.28549    	  2011.0    	  0.0000    	  85.300    
   114.000    	  2.2055    	  0.0000    	  0.0000    	  86.971    	  102.28    	  43.903    	  600.50    	  16.650    	  22.118    	 0.80000    	  1.0840    	  2.5495    	  1.4636    	  2.5495    	  1.0617    	  1.0000    	  306.89    	 0.28311    	  2011.0    	  0.0000    	  85.300    
   115.000    	  2.4087    	  0.0000    	  0.0000    	  99.405    	  111.52    	  46.578    	  617.15    	  14.800    	  23.933    	 0.76000    	  1.0960    	  2.7946    	  1.3822    	  2.7946    	 0.99048    	  1.0000    	  307.59    	 0.28065    	  2011.0    	  0.0000    	  85.300    
   116.000    	  2.6242    	  0.0000    	  0.0000    	  114.13    	  121.32    	  49.492    	  631.95    	  13.250    	  20.995    	 0.81000    	  1.1080    	  2.5613    	  1.0845    	  2.5613    	 0.76729    	  1.0000    	  308.13    	 0.27810    	  2011.0    	  0.0000    	  85.300    
   117.000    	  2.8096    	  0.0000    	  0.0000    	  128.11    	  129.74    	  52.061    	  645.20    	  11.850    	  10.714    	  1.1400    	  1.1200    	  1.3502    	 0.50249    	  1.3502    	 0.35174    	  1.0000    	  309.12    	 0.27600    	  2011.0    	  0.0000    	  85.300    
   118.000    	  2.9017    	  0.0000    	  0.0000    	  135.70    	  133.93    	  53.370    	  657.05    	  13.700    	  15.638    	  1.3000    	  1.1320    	  1.8001    	 0.75433    	  1.8001    	 0.52638    	  1.0000    	  311.74    	 0.27539    	  2011.0    	  5.6000    	  85.300    
   119.000    	  3.0310    	  0.0000    	  0.0000    	  147.29    	  139.81    	  55.252    	  670.75    	  17.000    	  18.490    	  1.1700    	  1.1440    	  2.9975    	 0.95357    	  2.9975    	 0.67602    	  1.0000    	  318.61    	 0.27850    	  2011.0    	  0.0000    	  90.900    
   120.000    	  3.1771    	  0.0000    	  0.0000    	  161.69    	  146.44    	  57.443    	  687.75    	  15.450    	  23.242    	 0.74000    	  1.1560    	  4.2298    	  1.2096    	  4.2298    	 0.84749    	  1.0000    	  319.25    	 0.27617    	  2011.0    	  0.0000    	  90.900    
   121.000    	  3.3488    	  0.0000    	  0.0000    	  180.88    	  154.25    	  60.129    	  703.20    	  12.900    	  26.006    	 0.53000    	  1.1680    	  4.3610    	  1.1263    	  4.0587    	 0.77507    	 0.93069    	  318.50    	 0.27269    	  2011.0    	  0.0000    	  90.900    
   122.000    	  3.5164    	  0.0000    	  0.0000    	  201.96    	  161.87    	  62.866    	  716.10    	  10.000    	  26.093    	 0.51000    	  1.1800    	  4.1311    	 0.96363    	  3.6838    	 0.65209    	 0.89173    	  317.98    	 0.26948    	  2011.0    	  0.0000    	  90.900    
   123.000    	  3.6684    	  0.0000    	  0.0000    	  223.14    	  168.78    	  65.449    	  726.10    	  8.4500    	  27.130    	 0.48000    	  1.1920    	  3.6347    	 0.78647    	  3.2891    	 0.52455    	 0.90492    	  317.97    	 0.26675    	  2011.0    	  0.0000    	  90.900    
   124.000    	  3.8210    	  0.0000    	  0.0000    	  246.27    	  175.72    	  68.133    	  734.55    	  7.0000    	  22.118    	 0.67000    	  1.2040    	  2.6621    	 0.53159    	  2.6621    	 0.35030    	  1.0000    	  318.47    	 0.26451    	  2011.0    	  0.0000    	  90.900    
   125.000    	  3.9527    	  0.0000    	  0.0000    	  267.72    	  181.70    	  70.522    	  741.55    	  9.1500    	  24.106    	 0.63000    	  1.2040    	  3.0809    	 0.57067    	  2.7285    	 0.37095    	 0.88561    	  315.46    	 0.26201    	  2011.0    	  0.0000    	  90.900    
   126.000    	  4.0748    	  0.0000    	  0.0000    	  288.92    	  187.25    	  72.803    	  750.70    	  15.700    	  21.427    	 0.73000    	  1.2040    	  3.1435    	 0.54465    	  2.5232    	 0.34904    	 0.80269    	  312.36    	 0.25944    	  2011.0    	  0.0000    	  90.900    
   127.000    	  4.1654    	  0.0000    	  0.0000    	  306.46    	  191.47    	  74.606    	  766.40    	  21.150    	  22.637    	 0.93000    	  1.2040    	  4.3351    	 0.69897    	  2.5667    	 0.44198    	 0.59208    	  309.49    	 0.25705    	  2011.0    	  0.0000    	  90.900    
   128.000    	  4.2244    	  0.0000    	  0.0000    	  320.65    	  194.39    	  75.953    	  787.55    	  21.450    	  22.982    	  1.0800    	  1.2040    	  4.0469    	 0.63812    	  2.2752    	 0.39780    	 0.56220    	  306.48    	 0.25455    	  2011.0    	  0.0000    	  90.900    
   129.000    	  4.2707    	  0.0000    	  0.0000    	  334.84    	  196.82    	  77.182    	  809.00    	  16.600    	  7.6900    	  1.6300    	  1.2040    	 0.56664    	 0.17185    	 0.56664    	 0.10577    	  1.0000    	  303.81    	 0.25233    	  2011.0    	  2.4000    	  90.900    
   130.000    	  4.2914    	  0.0000    	  0.0000    	  343.45    	  198.15    	  77.883    	  825.60    	  17.900    	  18.317    	  1.3700    	  1.2040    	  2.6955    	 0.41594    	  1.8824    	 0.25681    	 0.69835    	  304.47    	 0.25288    	  2011.0    	  0.0000    	  93.300    
   131.000    	  4.3276    	  0.0000    	  0.0000    	  357.98    	  200.22    	  79.006    	  843.50    	  15.150    	  25.661    	  1.1000    	  1.2040    	  4.0176    	 0.59810    	  1.9508    	 0.36549    	 0.48557    	  302.33    	 0.25110    	  2011.0    	  0.0000    	  93.300    
   132.000    	  4.3579    	  0.0000    	  0.0000    	  372.35    	  202.08    	  80.072    	  858.65    	  13.150    	  21.254    	  1.0500    	  1.2040    	  3.3434    	 0.48640    	  1.6735    	 0.29389    	 0.50054    	  300.01    	 0.24918    	  2011.0    	  0.0000    	  93.300    
   133.000    	  4.3787    	  0.0000    	  0.0000    	  384.80    	  203.56    	  80.939    	  871.80    	  13.400    	  18.317    	  1.0100    	  1.2040    	  2.5881    	 0.37767    	  1.4290    	 0.22599    	 0.55214    	  298.04    	 0.24755    	  2011.0    	  0.0000    	  93.300    
   134.000    	  4.3951    	  0.0000    	  0.0000    	  396.76    	  204.87    	  81.736    	  885.20    	  11.400    	  22.982    	 0.92000    	  1.2040    	  3.5427    	 0.50349    	  1.4358    	 0.29880    	 0.40528    	  296.39    	 0.24617    	  2011.0    	  0.0000    	  93.300    
   135.000    	  4.4066    	  0.0000    	  0.0000    	  407.83    	  205.99    	  82.520    	  896.60    	  11.350    	  17.885    	 0.98000    	  1.2040    	  2.1575    	 0.38323    	  1.1509    	 0.22546    	 0.53345    	  294.65    	 0.24473    	  2011.0    	  2.0000    	  93.300    
   136.000    	  4.4168    	  0.0000    	  0.0000    	  419.35    	  207.06    	  83.225    	  907.95    	  12.850    	  5.7890    	  1.3400    	  1.2040    	 0.45301    	 0.13977    	 0.45301    	 8.20313E-02	  1.0000    	  294.18    	 0.24433    	  2011.0    	  2.4000    	  95.300    
   137.000    	  4.4163    	  0.0000    	  0.0000    	  426.40    	  207.66    	  83.639    	  920.80    	  12.600    	  6.6530    	  1.3600    	  1.2040    	 0.69770    	 0.14731    	 0.69770    	 8.67868E-02	  1.0000    	  294.94    	 0.24496    	  2011.0    	 0.70000    	  97.700    
   138.000    	  4.4164    	  0.0000    	  0.0000    	  434.58    	  208.30    	  84.099    	  933.40    	  13.450    	  13.478    	  1.3200    	  1.2040    	  2.1239    	 0.29929    	  1.1146    	 0.17563    	 0.52482    	  294.15    	 0.24431    	  2011.0    	  0.0000    	  98.400    
   139.000    	  4.4160    	  0.0000    	  0.0000    	  443.36    	  208.91    	  84.569    	  946.85    	  12.700    	  9.5040    	  1.2400    	  1.2040    	  1.2831    	 0.19031    	 0.94555    	 0.11095    	 0.73694    	  292.86    	 0.24324    	  2011.0    	 0.10000    	  98.400    
   140.000    	  4.4141    	  0.0000    	  0.0000    	  452.14    	  209.45    	  85.015    	  959.55    	  13.200    	  23.587    	  1.0500    	  1.2040    	  3.5300    	 0.50097    	  1.0966    	 0.29050    	 0.31065    	  291.81    	 0.24236    	  2011.0    	  0.0000    	  98.500    
   141.000    	  4.4112    	  0.0000    	  0.0000    	  461.31    	  209.94    	  85.568    	  972.75    	  13.300    	  27.389    	 0.92000    	  1.2040    	  3.9019    	 0.55843    	  1.0265    	 0.32152    	 0.26308    	  290.42    	 0.24121    	  2011.0    	  0.0000    	  98.500    
   142.000    	  4.4067    	  0.0000    	  0.0000    	  470.39    	  210.35    	  86.120    	  986.05    	  15.450    	  15.379    	  1.2300    	  1.2040    	  2.2331    	 0.39001    	 0.79443    	 0.22299    	 0.35575    	  289.07    	 0.24009    	  2011.0    	  5.3000    	  98.500    
   143.000    	  4.3991    	  0.0000    	  0.0000    	  477.39    	  210.62    	  86.477    	  1001.5    	  15.400    	  26.611    	  1.0200    	  1.2040    	  4.7072    	 0.66391    	  1.2447    	 0.38586    	 0.26443    	  292.25    	 0.24273    	  2011.0    	  0.0000    	  103.80    
   144.000    	  4.3917    	  0.0000    	  0.0000    	  486.44    	  210.88    	  86.961    	  1016.9    	  12.350    	  27.216    	 0.87000    	  1.2040    	  4.6925    	 0.66130    	  1.1111    	 0.38114    	 0.23678    	  290.62    	 0.24138    	  2011.0    	  0.0000    	  103.80    
   145.000    	  4.3826    	  0.0000    	  0.0000    	  494.81    	  211.05    	  87.394    	  1029.3    	  14.400    	  28.166    	 0.82000    	  1.2040    	  4.3318    	 0.62557    	 0.96193    	 0.35778    	 0.22206    	  289.13    	 0.24014    	  2011.0    	  0.0000    	  103.80    
   146.000    	  4.3725    	  0.0000    	  0.0000    	  502.99    	  211.17    	  87.801    	  1043.7    	  15.700    	  13.651    	 0.95000    	  1.2040    	  3.0888    	 0.43120    	 0.77148    	 0.24493    	 0.24977    	  287.81    	 0.23904    	  2011.0    	  0.0000    	  103.80    
   147.000    	  4.3609    	  0.0000    	  0.0000    	  507.51    	  211.19    	  88.001    	  1059.4    	  11.900    	  16.762    	  1.0900    	  1.2040    	  2.2448    	 0.40108    	 0.64623    	 0.22661    	 0.28788    	  286.79    	 0.23820    	  2011.0    	  1.4000    	  103.80    
   148.000    	  4.3491    	 2.70174E-03	 0.27017    	  513.70    	  211.19    	  88.253    	  1071.3    	  12.950    	  16.589    	  1.1000    	  1.2040    	  2.6767    	 0.42195    	 0.63507    	 0.23770    	 0.23725    	  286.23    	 0.23773    	  2011.0    	 0.50000    	  105.20    
   149.000    	  4.3377    	 1.09105E-02	  1.0910    	  518.13    	  211.19    	  88.464    	  1084.2    	  17.200    	  16.762    	  1.3000    	  1.2040    	  3.2948    	 0.47714    	 0.60885    	 0.26755    	 0.18479    	  285.36    	 0.23701    	  2011.0    	  0.0000    	  105.70    
   150.000    	  4.3267    	 2.24839E-02	  2.2484    	  521.11    	  211.19    	  88.635    	  1101.4    	  19.850    	  26.352    	  1.2500    	  1.2040    	  4.4906    	 0.66930    	 0.60337    	 0.37357    	 0.13436    	  284.48    	 0.23628    	  2011.0    	  0.0000    	  105.70    
   151.000    	  4.3161    	 4.34474E-02	  4.3447    	  523.73    	  211.19    	  88.834    	  1121.3    	  11.200    	  8.1220    	  1.3300    	  1.2040    	 0.73681    	 0.18899    	 0.36751    	 0.10494    	 0.49878    	  283.50    	 0.23547    	  2011.0    	  2.2000    	  105.70    
   152.000    	  4.1763    	 7.82008E-02	  7.8201    	  525.74    	  211.19    	  88.967    	  1132.5    	  11.700    	  29.808    	 0.86000    	  1.2040    	  4.2455    	 0.68917    	 0.56584    	 0.38398    	 0.13328    	  284.15    	 0.23601    	  2011.0    	  0.0000    	  107.90    
   153.000    	  4.0368    	 0.11723    	  11.723    	  527.11    	  211.19    	  89.162    	  1144.2    	  14.000    	  28.944    	 0.89000    	  1.2040    	  4.3764    	 0.76803    	 0.49678    	 0.42576    	 0.11351    	  283.20    	 0.23522    	  2011.0    	  0.0000    	  107.90    
   154.000    	  3.8834    	 0.15408    	  15.408    	  527.76    	  211.19    	  89.320    	  1158.2    	  19.300    	  28.339    	  1.3600    	  1.2040    	  5.0180    	 0.95496    	 0.44580    	 0.52677    	 8.88414E-02	  282.28    	 0.23445    	  2011.0    	  0.0000    	  107.90    
   155.000    	  3.6724    	 0.18643    	  18.643    	  527.82    	  211.19    	  89.437    	  1177.5    	  22.600    	  26.957    	  1.4500    	  1.2040    	  4.8666    	  1.0508    	 0.36067    	 0.57659    	 7.41114E-02	  281.31    	 0.23364    	  2011.0    	  0.0000    	  107.90    
   156.000    	  3.4325    	 0.21227    	  21.227    	  527.82    	  211.19    	  89.518    	  1200.1    	  18.250    	  12.442    	  1.8200    	  1.2040    	  1.4688    	 0.47767    	 0.20873    	 0.26078    	 0.14211    	  280.37    	 0.23287    	  2011.0    	  10.100    	  107.90    
   157.000    	  3.2580    	 0.23489    	  23.489    	  527.82    	  211.19    	  89.571    	  1218.3    	  18.050    	  11.923    	  1.9090    	  1.2040    	  1.4461    	 0.51656    	 0.73764    	 0.29545    	 0.51009    	  289.14    	 0.24015    	  2011.0    	  22.300    	  118.00    
   158.000    	  3.0945    	 0.31226    	  31.226    	  527.82    	  211.19    	  89.664    	  1236.4    	  15.550    	  14.429    	  1.4400    	  1.2040    	  1.6412    	 0.62878    	  1.6412    	 0.39779    	  1.0000    	  309.60    	 0.25714    	  2011.0    	  5.8000    	  140.30    
   159.000    	  2.9651    	 0.49317    	  49.317    	  527.82    	  211.19    	  89.837    	  1251.9    	  15.000    	  17.366    	  1.1700    	  1.2040    	  2.5451    	 0.84979    	  2.4027    	 0.54514    	 0.94402    	  312.58    	 0.25962    	  2011.0    	  0.0000    	  146.10    
   160.000    	  2.8465    	 0.69607    	  69.607    	  527.82    	  211.19    	  89.987    	  1266.9    	  13.250    	  21.514    	  1.0900    	  1.2040    	  2.9148    	  1.0543    	  2.2813    	 0.66712    	 0.78266    	  309.63    	 0.25717    	  2011.0    	  0.0000    	  146.10    
   161.000    	  2.7426    	 0.90178    	  90.178    	  527.82    	  211.19    	  90.096    	  1280.2    	  12.950    	  14.170    	  1.1390    	  1.2040    	  1.3720    	 0.67212    	  1.3720    	 0.41941    	  1.0000    	  306.69    	 0.25472    	  2011.0    	 0.80000    	  146.10    
   162.000    	  2.6441    	  1.0727    	  107.27    	  527.82    	  211.19    	  90.154    	  1293.1    	  12.450    	  20.995    	  1.0640    	  1.2040    	  2.6254    	  1.1093    	  1.9068    	 0.68669    	 0.72631    	  305.01    	 0.25333    	  2011.0    	 0.10000    	  146.90    
   163.000    	  2.5518    	  1.2544    	  125.44    	  527.82    	  211.19    	  90.184    	  1305.6    	  13.050    	  22.982    	 0.87700    	  1.2040    	  2.3412    	  1.1894    	  1.6845    	 0.72711    	 0.71949    	  302.42    	 0.25118    	  2011.0    	  4.0000    	  147.00    
   164.000    	  2.4597    	  1.4487    	  144.87    	  527.82    	  211.19    	  90.184    	  1318.6    	  17.200    	  12.787    	  1.5770    	  1.2040    	  1.4426    	 0.82418    	  1.4426    	 0.50618    	  1.0000    	  303.37    	 0.25197    	  2011.0    	 0.80000    	  151.00    
   165.000    	  2.3433    	  1.5967    	  159.67    	  527.82    	  211.19    	  90.184    	  1335.8    	  16.050    	  20.736    	  1.3200    	  1.2040    	  2.4414    	  1.2662    	  1.6465    	 0.77103    	 0.67444    	  301.60    	 0.25050    	  2011.0    	  0.0000    	  151.80    
   166.000    	  2.2414    	  1.7551    	  175.51    	  527.82    	  211.19    	  90.184    	  1351.9    	  17.300    	  13.824    	  1.5500    	  1.2040    	  1.4682    	 0.90522    	  1.3468    	 0.54472    	 0.91736    	  299.18    	 0.24849    	  2011.0    	 0.30000    	  151.80    
   167.000    	  2.1345    	  1.8957    	  189.57    	  527.82    	  211.19    	  90.184    	  1369.2    	  15.750    	  10.195    	  1.6100    	  1.2040    	  1.0030    	 0.75801    	  1.0030    	 0.45189    	  1.0000    	  297.29    	 0.24692    	  2011.0    	  12.900    	  152.10    
   168.000    	  2.0438    	  2.0061    	  200.61    	  527.82    	  211.19    	  90.184    	  1384.9    	  14.550    	  17.366    	  1.2700    	  1.2040    	  1.8198    	  1.3272    	  1.8198    	 0.83414    	  1.0000    	  308.20    	 0.25598    	  2011.0    	  1.5000    	  165.00    
   169.000    	  1.9639    	  2.1902    	  219.02    	  527.82    	  211.19    	  90.184    	  1399.5    	  15.250    	  16.589    	  1.3400    	  1.2040    	  1.9929    	  1.5024    	  1.8911    	 0.93688    	 0.94889    	  306.54    	 0.25460    	  2011.0    	  7.6000    	  166.50    
   170.000    	  1.8837    	  2.3537    	  235.37    	  527.82    	  211.19    	  90.184    	  1414.7    	  13.550    	  9.1580    	  1.4700    	  1.2040    	 0.85234    	 0.78476    	 0.85234    	 0.49933    	  1.0000    	  310.82    	 0.25816    	  2011.0    	  10.900    	  174.10    
   171.000    	  1.8138    	  2.4467    	  244.67    	  527.82    	  211.19    	  90.184    	  1428.3    	  14.200    	  23.501    	  1.4400    	  1.2040    	  2.5558    	  2.0062    	  2.5558    	  1.3305    	  1.0000    	  319.90    	 0.26570    	  2011.0    	 0.10000    	  185.00    
   172.000    	  1.7442    	  2.6805    	  268.05    	  527.82    	  211.19    	  90.184    	  1442.5    	  18.300    	  17.194    	  1.5700    	  1.2040    	  1.8484    	  1.6705    	  1.8484    	  1.0886    	  1.0000    	  316.01    	 0.26247    	  2011.0    	 0.40000    	  185.10    
   173.000    	  1.6552    	  2.8478    	  284.78    	  527.82    	  211.19    	  90.184    	  1460.8    	  15.350    	  9.0720    	  1.3800    	  1.2040    	 0.66229    	 0.77839    	 0.66229    	 0.50047    	  1.0000    	  313.08    	 0.26003    	  2011.0    	 0.50000    	  185.50    
   174.000    	  1.5871    	  2.9335    	  293.35    	  527.82    	  211.19    	  90.184    	  1476.1    	  15.350    	  17.885    	  1.4100    	  1.2040    	  1.7589    	  1.8270    	  1.7589    	  1.1689    	  1.0000    	  312.00    	 0.25913    	  2011.0    	  1.9000    	  186.00    
   175.000    	  1.5217    	  3.0982    	  309.82    	  527.82    	  211.19    	  90.184    	  1491.5    	  14.450    	  19.613    	  1.2000    	  1.2040    	  1.6766    	  1.8719    	  1.6766    	  1.1897    	  1.0000    	  310.57    	 0.25795    	  2011.0    	 0.50000    	  187.90    
   176.000    	  1.4625    	  3.2744    	  327.44    	  527.82    	  211.19    	  90.184    	  1505.9    	  14.250    	  4.7520    	  1.5700    	  1.2040    	 0.27601    	 0.48402    	 0.27601    	 0.30367    	  1.0000    	  307.83    	 0.25567    	  2011.0    	  5.1000    	  188.40    
   177.000    	  1.4062    	  3.3160    	  331.60    	  527.82    	  211.19    	  90.184    	  1520.2    	  20.700    	  20.304    	  1.9400    	  1.2040    	  2.0333    	  2.2833    	  2.0333    	  1.4607    	  1.0000    	  311.98    	 0.25912    	  2011.0    	  0.0000    	  193.50    
   178.000    	  1.3233    	  3.4896    	  348.96    	  527.82    	  211.19    	  90.184    	  1540.9    	  24.400    	  28.858    	  1.8600    	  1.2040    	  3.0476    	  3.7038    	  2.2282    	  2.3310    	 0.73111    	  308.49    	 0.25622    	  2011.0    	  0.0000    	  193.50    
   179.000    	  1.2289    	  3.6630    	  366.30    	  527.82    	  211.19    	  90.184    	  1565.3    	  26.750    	  23.155    	  2.1730    	  1.2040    	  2.1948    	  3.1618    	  1.7592    	  1.9471    	 0.80152    	  303.93    	 0.25243    	  2011.0    	  22.000    	  193.50    
   180.000    	  1.1316    	  3.8082    	  380.82    	  527.82    	  211.19    	  90.184    	  1592.0    	  15.700    	  9.8500    	  1.8260    	  1.2040    	 0.65889    	  1.1989    	 0.65889    	 0.80231    	  1.0000    	  321.92    	 0.26737    	  2011.0    	  1.1000    	  215.50    
   181.000    	  1.0837    	  3.8810    	  388.10    	  527.82    	  211.19    	  90.184    	  1607.7    	  14.550    	  21.082    	  1.2660    	  1.2040    	  1.5331    	  2.5159    	  1.5331    	  1.6788    	  1.0000    	  321.27    	 0.26684    	  2011.0    	 0.10000    	  216.60    
   182.000    	  1.0413    	  4.0322    	  403.22    	  527.82    	  211.19    	  90.184    	  1622.3    	  14.100    	  21.168    	  1.3100    	  1.2040    	  1.4148    	  2.5809    	  1.4148    	  1.6976    	  1.0000    	  318.06    	 0.26417    	  2011.0    	  1.1000    	  216.70    
   183.000    	  1.0015    	  4.1797    	  417.97    	  527.82    	  211.19    	  90.184    	  1636.4    	  13.300    	  17.626    	  1.2500    	  1.2040    	  1.2220    	  2.1464    	  1.2220    	  1.3973    	  1.0000    	  315.79    	 0.26228    	  2011.0    	  0.0000    	  217.80    
   184.000    	 0.96488    	  4.2991    	  429.91    	  527.82    	  211.19    	  90.184    	  1649.7    	  14.000    	  24.365    	  1.2900    	  1.2040    	  1.6831    	  3.0956    	  1.6831    	  1.9912    	  1.0000    	  313.17    	 0.26011    	  2011.0    	  0.0000    	  217.80    
   185.000    	 0.92821    	  4.4598    	  445.98    	  527.82    	  211.19    	  90.184    	  1663.7    	  14.150    	  26.352    	  1.3800    	  1.2040    	  1.7710    	  3.4199    	  1.7710    	  2.1625    	  1.0000    	  309.49    	 0.25705    	  2011.0    	  0.0000    	  217.80    
   186.000    	 0.89266    	  4.6286    	  462.86    	  527.82    	  211.19    	  90.184    	  1677.8    	  16.300    	  27.302    	  1.4700    	  1.2040    	  1.8106    	  3.6834    	  1.7951    	  2.2862    	 0.99144    	  305.56    	 0.25379    	  2011.0    	  0.0000    	  217.80    
   187.000    	 0.85309    	  4.7969    	  479.69    	  527.82    	  211.19    	  90.184    	  1694.1    	  18.350    	  13.478    	  1.7800    	  1.2040    	 0.82744    	  1.9995    	 0.82744    	  1.2168    	  1.0000    	  301.48    	 0.25040    	  2011.0    	  1.6000    	  217.80    
   188.000    	 0.80944    	  4.8779    	  487.79    	  527.82    	  211.19    	  90.184    	  1712.5    	  18.300    	  22.896    	  1.4000    	  1.2040    	  1.4706    	  3.3703    	  1.4462    	  2.0444    	 0.98339    	  300.82    	 0.24985    	  2011.0    	  0.0000    	  219.40    
   189.000    	 0.76816    	  5.0079    	  500.79    	  527.82    	  211.19    	  90.184    	  1730.8    	  17.800    	  21.859    	  1.4500    	  1.2040    	  1.3306    	  3.4545    	  1.2167    	  2.0598    	 0.91442    	  297.33    	 0.24695    	  2011.0    	 0.30000    	  219.40    
   190.000    	 0.73026    	  5.1186    	  511.86    	  527.82    	  211.19    	  90.184    	  1748.6    	  16.250    	  16.330    	  1.6400    	  1.2040    	 0.87762    	  2.4999    	 0.87762    	  1.4671    	  1.0000    	  294.16    	 0.24432    	  2011.0    	  2.8000    	  219.70    
   191.000    	 0.69801    	  5.2055    	  520.55    	  527.82    	  211.19    	  90.184    	  1764.8    	  16.450    	  23.328    	  1.3700    	  1.2040    	  1.2527    	  3.4386    	  1.0354    	  2.0208    	 0.82649    	  294.43    	 0.24455    	  2011.0    	  0.0000    	  222.50    
   192.000    	 0.66671    	  5.3044    	  530.44    	  527.82    	  211.19    	  90.184    	  1781.3    	  16.500    	  23.587    	  1.3400    	  1.2040    	  1.1586    	  3.3798    	 0.84600    	  1.9556    	 0.73022    	  291.38    	 0.24201    	  2011.0    	  0.0000    	  222.50    
   193.000    	 0.63671    	  5.3896    	  538.96    	  527.82    	  211.19    	  90.184    	  1797.8    	  19.050    	  17.712    	  1.6000    	  1.2040    	 0.87394    	  2.9049    	 0.66087    	  1.6566    	 0.75620    	  288.58    	 0.23968    	  2011.0    	  27.200    	  222.50    
   194.000    	 0.60265    	  5.4534    	  545.34    	  527.82    	  211.19    	  90.184    	  1816.8    	  13.300    	  3.6290    	  1.5300    	  1.2040    	 0.10038    	 0.56664    	 0.10038    	 0.36471    	  1.0000    	  313.30    	 0.26022    	  2011.0    	  8.2000    	  249.70    
   195.000    	 0.58059    	  5.4699    	  546.99    	  527.82    	  211.19    	  90.184    	  1830.1    	  13.350    	  3.5420    	  1.5200    	  1.2040    	 0.10389    	 0.59007    	 0.10389    	 0.39306    	  1.0000    	  320.88    	 0.26652    	  2011.0    	  29.400    	  257.90    
   196.000    	 0.55928    	  5.4856    	  548.56    	  527.82    	  211.19    	  90.184    	  1843.5    	  17.750    	  24.797    	  1.4900    	  1.2040    	  1.1743    	  4.3695    	  1.1743    	  3.2834    	  1.0000    	  349.64    	 0.29040    	  2011.0    	  3.9000    	  287.30    
   197.000    	 0.53179    	  5.5916    	  559.16    	  527.82    	  211.19    	  90.184    	  1861.2    	  18.050    	  10.454    	  1.6500    	  1.2040    	 0.42918    	  1.8479    	 0.42918    	  1.3847    	  1.0000    	  348.94    	 0.28982    	  2011.0    	  17.300    	  291.20    
   198.000    	 0.50511    	  5.6344    	  563.44    	  527.82    	  211.19    	  90.184    	  1879.3    	  16.850    	  21.341    	  1.5100    	  1.2040    	 0.94709    	  3.9622    	 0.94709    	  3.1496    	  1.0000    	  364.30    	 0.30257    	  2011.0    	  4.0000    	  308.50    
   199.000    	 0.48179    	  5.7181    	  571.81    	  527.82    	  211.19    	  90.184    	  1896.1    	  16.050    	  9.6770    	  1.5500    	  1.2040    	 0.39977    	  1.8901    	 0.39977    	  1.5012    	  1.0000    	  364.07    	 0.30239    	  2011.0    	  1.6000    	  312.50    
   200.000    	 0.46083    	  5.7546    	  575.46    	  527.82    	  211.19    	  90.184    	  1912.2    	  16.250    	  16.070    	  1.5200    	  1.2040    	 0.52783    	  2.5986    	 0.52783    	  2.0606    	  1.0000    	  363.65    	 0.30204    	  2011.0    	 0.20000    	  314.10    
   201.000    	 0.44048    	  5.8128    	  581.28    	  527.82    	  211.19    	  90.184    	  1928.4    	  17.400    	  12.096    	  1.7200    	  1.2040    	 0.37324    	  2.0023    	 0.37324    	  1.5729    	  1.0000    	  361.15    	 0.29996    	  2011.0    	 0.20000    	  314.30    
   202.000    	 0.41933    	  5.8549    	  585.49    	  527.82    	  211.19    	  90.184    	  1945.8    	  15.550    	  8.5540    	  1.6700    	  1.2040    	 0.24293    	  1.4479    	 0.24293    	  1.1294    	  1.0000    	  359.29    	 0.29842    	  2011.0    	  11.200    	  314.50    
   203.000    	 0.40179    	  5.8835    	  588.35    	  527.82    	  211.19    	  90.184    	  1961.4    	  14.400    	  16.934    	  1.2900    	  1.2040    	 0.49636    	  2.8107    	 0.49636    	  2.2736    	  1.0000    	  369.02    	 0.30649    	  2011.0    	  1.5000    	  325.70    
   204.000    	 0.38620    	  5.9379    	  593.79    	  527.82    	  211.19    	  90.184    	  1975.8    	  14.150    	  18.058    	  1.2600    	  1.2040    	 0.61340    	  3.4848    	 0.61340    	  2.8047    	  1.0000    	  367.65    	 0.30535    	  2011.0    	  6.5000    	  327.20    
   205.000    	 0.37141    	  5.9939    	  599.39    	  527.82    	  211.19    	  90.184    	  1989.9    	  12.200    	  5.0980    	  1.4300    	  1.2040    	 0.10587    	 0.84921    	 0.10587    	 0.69099    	  1.0000    	  370.63    	 0.30783    	  2011.0    	  21.900    	  333.70    
   206.000    	 0.35863    	  6.0092    	  600.92    	  527.82    	  211.19    	  90.184    	  2002.1    	  14.550    	  17.107    	  1.3900    	  1.2040    	 0.44331    	  2.8522    	 0.44331    	  2.4985    	  1.0000    	  391.64    	 0.32528    	  2011.0    	 0.40000    	  355.60    
   207.000    	 0.34461    	  6.0589    	  605.89    	  527.82    	  211.19    	  90.184    	  2016.7    	  15.400    	  6.8260    	  1.6600    	  1.2040    	 0.15478    	  1.2023    	 0.15478    	  1.0438    	  1.0000    	  389.01    	 0.32310    	  2011.0    	 0.70000    	  356.00    
   208.000    	 0.33037    	  6.0780    	  607.80    	  527.82    	  211.19    	  90.184    	  2032.1    	  17.550    	  15.725    	  1.7600    	  1.2040    	 0.44399    	  2.8355    	 0.44399    	  2.4569    	  1.0000    	  388.43    	 0.32261    	  2011.0    	  0.0000    	  356.70    
   209.000    	 0.31435    	  6.1204    	  612.04    	  527.82    	  211.19    	  90.184    	  2049.6    	  20.000    	  16.243    	  1.8800    	  1.2040    	 0.39545    	  2.9501    	 0.39545    	  2.5308    	  1.0000    	  385.52    	 0.32020    	  2011.0    	 0.80000    	  356.70    
   210.000    	 0.29653    	  6.1623    	  616.23    	  527.82    	  211.19    	  90.184    	  2069.6    	  15.500    	  11.146    	  1.5700    	  1.2040    	 0.27771    	  1.9892    	 0.27771    	  1.6934    	  1.0000    	  383.32    	 0.31837    	  2011.0    	  0.0000    	  357.50    
   211.000    	 0.28418    	  6.1895    	  618.95    	  527.82    	  211.19    	  90.184    	  2085.1    	  14.550    	  6.9980    	  1.4600    	  1.2040    	 0.15443    	  1.1672    	 0.15443    	 0.98681    	  1.0000    	  381.35    	 0.31673    	  2011.0    	  0.0000    	  357.50    




*----------------------------------------------------------------------------
* Output from rerun set:    2
* Output table format  : Spreadsheet output
* Simulation results
* LINTUL2
 
TIME	LAI	WSOTHA	WSO	WST	WLV	WRT	TSUM	DAVTMP	DTR	VP	ROOTD	PTRAN	PEVAP	TRAN	EVAP	TRANRF	WA	WC	YEAR	RAIN	TRAIN
 
   30.0000    	  0.0000    	  0.0000    	  0.0000    	  0.0000    	 0.54545    	  0.0000    	  0.0000    	  4.7000    	  1.9870    	 0.87000    	 0.10000    	  0.0000    	 0.28876    	  0.0000    	 0.28876    	  0.0000    	  36.000    	 0.36000    	  2005.0    	  1.6000    	  0.0000    
   31.0000    	  0.0000    	  0.0000    	  0.0000    	  0.0000    	 0.54545    	  0.0000    	  0.0000    	  5.1500    	  1.4690    	 0.91000    	 0.10000    	  0.0000    	 0.12335    	  0.0000    	 0.12335    	  0.0000    	  36.000    	 0.36000    	  2005.0    	  5.0000    	  1.6000    
   32.0000    	  0.0000    	  0.0000    	  0.0000    	  0.0000    	 0.54545    	  0.0000    	  0.0000    	  4.2000    	  3.8880    	 0.72000    	 0.10000    	  0.0000    	 0.62748    	  0.0000    	 0.62748    	  0.0000    	  36.000    	 0.36000    	  2005.0    	 0.20000    	  6.6000    
   33.0000    	 1.20000E-02	  0.0000    	  0.0000    	  0.0000    	 0.54545    	  0.0000    	  4.2000    	  6.2000    	  3.1970    	 0.88000    	 0.11200    	 1.51444E-03	 0.56642    	 1.51444E-03	 0.55870    	  1.0000    	  39.893    	 0.35618    	  2005.0    	  1.7000    	  6.8000    
   34.0000    	 1.26886E-02	  0.0000    	  0.0000    	 5.84861E-03	 0.55681    	 1.72018E-02	  10.400    	  6.7000    	  5.0110    	 0.85000    	 0.12400    	 4.37335E-03	 0.79138    	 4.37335E-03	 0.79138    	  1.0000    	  44.640    	 0.36000    	  2005.0    	  0.0000    	  8.5000    
   35.0000    	 1.34773E-02	  0.0000    	  0.0000    	 1.55398E-02	 0.57562    	 4.57054E-02	  17.100    	  5.4000    	  3.7150    	 0.82000    	 0.13600    	 3.23458E-03	 0.55258    	 3.23458E-03	 0.54103    	  1.0000    	  48.164    	 0.35415    	  2005.0    	  0.0000    	  8.5000    
   36.0000    	 1.41485E-02	  0.0000    	  0.0000    	 2.31694E-02	 0.59043    	 6.81452E-02	  22.500    	  2.3500    	  6.7390    	 0.52000    	 0.14800    	 6.70787E-03	  1.0663    	 6.70787E-03	  1.0318    	  1.0000    	  51.940    	 0.35095    	  2005.0    	  0.0000    	  8.5000    
   37.0000    	 1.44509E-02	  0.0000    	  0.0000    	 3.76956E-02	 0.61863    	 0.11087    	  24.850    	  1.8500    	  6.9980    	 0.56000    	 0.16000    	 6.67402E-03	  1.0442    	 6.67402E-03	 0.98872    	  1.0000    	  55.221    	 0.34513    	  2005.0    	  0.0000    	  8.5000    
   38.0000    	 1.46935E-02	  0.0000    	  0.0000    	 5.31013E-02	 0.64853    	 0.15618    	  26.700    	 0.10000    	  7.1710    	 0.48000    	 0.17200    	 5.79331E-03	 0.90446    	 5.79331E-03	 0.84110    	  1.0000    	  58.546    	 0.34038    	  2005.0    	  0.0000    	  8.5000    
   39.0000    	 1.47068E-02	  0.0000    	  0.0000    	 6.91516E-02	 0.67969    	 0.20339    	  26.800    	  0.0000    	  6.5660    	 0.57000    	 0.18400    	 5.71174E-03	 0.88226    	 5.71174E-03	 0.80998    	  1.0000    	  62.019    	 0.33706    	  2005.0    	  0.0000    	  8.5000    
   40.0000    	 1.47068E-02	  0.0000    	  0.0000    	 8.38610E-02	 0.70824    	 0.24665    	  26.800    	  5.0500    	  5.2700    	 0.81000    	 0.19600    	 3.92977E-03	 0.88555    	 3.92977E-03	 0.80428    	  1.0000    	  65.524    	 0.33430    	  2005.0    	  1.1000    	  8.5000    
   41.0000    	 1.53906E-02	  0.0000    	  0.0000    	 9.56671E-02	 0.73116    	 0.28137    	  31.850    	  7.1000    	 0.60500    	 0.98000    	 0.20800    	  0.0000    	 0.15018    	  0.0000    	 0.13793    	  0.0000    	  70.132    	 0.33717    	  2005.0    	  17.600    	  9.6000    
   42.0000    	 1.53906E-02	  0.0000    	  0.0000    	 9.56671E-02	 0.73116    	 0.28137    	  38.950    	  7.2000    	  3.6290    	 0.89000    	 0.22000    	 1.27225E-03	 0.49025    	 1.27225E-03	 0.49025    	  1.0000    	  79.200    	 0.36000    	  2005.0    	  2.8000    	  27.200    
   43.0000    	 1.64209E-02	  0.0000    	  0.0000    	 0.10417    	 0.74767    	 0.30639    	  46.150    	  8.0000    	  1.3820    	 0.99000    	 0.23200    	 1.89423E-03	 0.50855    	 1.89423E-03	 0.50855    	  1.0000    	  83.520    	 0.36000    	  2005.0    	  21.600    	  30.000    
   44.0000    	 1.76468E-02	  0.0000    	  0.0000    	 0.10763    	 0.75438    	 0.31655    	  54.150    	  3.3000    	  5.0980    	 0.69000    	 0.24400    	 5.35775E-03	 0.94823    	 5.35775E-03	 0.94823    	  1.0000    	  87.840    	 0.36000    	  2005.0    	  7.8000    	  51.600    
   45.0000    	 1.81788E-02	  0.0000    	  0.0000    	 0.12132    	 0.78096    	 0.35682    	  57.450    	  3.4000    	  4.6660    	 0.68000    	 0.25600    	 4.23610E-03	 0.79982    	 4.23610E-03	 0.79982    	  1.0000    	  92.160    	 0.36000    	  2005.0    	  3.1000    	  59.400    
   46.0000    	 1.87437E-02	  0.0000    	  0.0000    	 0.13423    	 0.80601    	 0.39479    	  60.850    	 0.95000    	  1.7280    	 0.56000    	 0.26800    	 2.27040E-03	 0.27063    	 2.27040E-03	 0.27063    	  1.0000    	  96.480    	 0.36000    	  2005.0    	  0.0000    	  62.500    
   47.0000    	 1.89046E-02	  0.0000    	  0.0000    	 0.13916    	 0.81558    	 0.40928    	  61.800    	-0.15000    	  7.1710    	 0.44000    	 0.28000    	 7.94829E-03	 0.95433    	 7.94829E-03	 0.95101    	  1.0000    	  100.53    	 0.35903    	  2005.0    	  0.0000    	  62.500    
   48.0000    	 1.89046E-02	  0.0000    	  0.0000    	 0.15978    	 0.85561    	 0.46994    	  61.800    	 0.30000    	  4.1470    	 0.48100    	 0.29200    	 2.71875E-03	 0.35536    	 2.71875E-03	 0.35001    	  1.0000    	  103.89    	 0.35578    	  2005.0    	  0.0000    	  62.500    
   49.0000    	 1.89557E-02	  0.0000    	  0.0000    	 0.17171    	 0.87877    	 0.50502    	  62.100    	  1.9500    	  1.9870    	 0.55000    	 0.30400    	 9.93524E-04	 0.38835    	 9.93524E-04	 0.38112    	  1.0000    	  107.86    	 0.35479    	  2005.0    	  1.8000    	  62.500    
   50.0000    	 1.92913E-02	  0.0000    	  0.0000    	 0.17744    	 0.88989    	 0.52187    	  64.050    	  2.6500    	  4.9250    	 0.67000    	 0.31600    	 3.77361E-03	 0.72758    	 3.77361E-03	 0.72617    	  1.0000    	  113.59    	 0.35946    	  2005.0    	  3.6000    	  64.300    
   51.0000    	 1.97570E-02	  0.0000    	  0.0000    	 0.19189    	 0.91795    	 0.56438    	  66.700    	  2.3500    	  5.6160    	 0.64300    	 0.32800    	 4.79482E-03	 0.83264    	 4.79482E-03	 0.83264    	  1.0000    	  118.08    	 0.36000    	  2005.0    	 0.90000    	  67.900    
   52.0000    	 2.01793E-02	  0.0000    	  0.0000    	 0.20877    	 0.95070    	 0.61402    	  69.050    	  2.6000    	  6.4800    	 0.59000    	 0.34000    	 6.64771E-03	  1.0217    	 6.64771E-03	  1.0217    	  1.0000    	  122.40    	 0.36000    	  2005.0    	  2.9000    	  68.800    
   53.0000    	 2.06570E-02	  0.0000    	  0.0000    	 0.22865    	 0.98931    	 0.67250    	  71.650    	 0.35000    	  4.5790    	 0.49000    	 0.35200    	 4.16276E-03	 0.72604    	 4.16276E-03	 0.72604    	  1.0000    	  126.72    	 0.36000    	  2005.0    	 0.60000    	  71.700    
   54.0000    	 2.07222E-02	  0.0000    	  0.0000    	 0.24303    	  1.0172    	 0.71481    	  72.000    	 -1.6000    	  2.6780    	 0.54000    	 0.36400    	 5.99868E-04	 0.34765    	 5.99868E-04	 0.34719    	  1.0000    	  130.90    	 0.35963    	  2005.0    	 0.80000    	  72.300    
   55.0000    	 2.07222E-02	  0.0000    	  0.0000    	 0.25147    	  1.0336    	 0.73962    	  72.000    	-5.00001E-02	  6.1340    	 0.52000    	 0.37600    	 4.79640E-03	 0.80997    	 4.79640E-03	 0.80997    	  1.0000    	  135.36    	 0.36000    	  2005.0    	 0.40000    	  73.100    
   56.0000    	 2.07222E-02	  0.0000    	  0.0000    	 0.27080    	  1.0711    	 0.79647    	  72.000    	-0.65000    	  7.1710    	 0.53000    	 0.38800    	 8.27897E-03	 0.90994    	 8.27897E-03	 0.90642    	  1.0000    	  139.26    	 0.35892    	  2005.0    	  0.0000    	  73.500    
   57.0000    	 2.07222E-02	  0.0000    	  0.0000    	 0.29339    	  1.1150    	 0.86292    	  72.000    	  1.0000    	  1.9010    	 0.60400    	 0.40000    	 2.15341E-03	 0.23925    	 2.15341E-03	 0.23640    	  1.0000    	  142.67    	 0.35666    	  2005.0    	  0.0000    	  73.500    
   58.0000    	 2.09096E-02	  0.0000    	  0.0000    	 0.29938    	  1.1266    	 0.88054    	  73.000    	 -3.3500    	  9.7630    	 0.31000    	 0.41200    	 1.14903E-02	  1.2333    	 1.14903E-02	  1.2165    	  1.0000    	  146.75    	 0.35618    	  2005.0    	  0.0000    	  73.500    
   59.0000    	 2.09096E-02	  0.0000    	  0.0000    	 0.33042    	  1.1869    	 0.97183    	  73.000    	 -4.2000    	  11.664    	 0.28000    	 0.42400    	 1.17265E-02	  1.2769    	 1.17265E-02	  1.2468    	  1.0000    	  149.84    	 0.35339    	  2005.0    	  0.0000    	  73.500    
   60.0000    	 2.09096E-02	  0.0000    	  0.0000    	 0.36750    	  1.2588    	  1.0809    	  73.000    	 -1.8000    	  3.1970    	 0.45000    	 0.43600    	 3.09770E-03	 0.59240    	 3.09770E-03	 0.57270    	  1.0000    	  152.90    	 0.35069    	  2005.0    	  1.3000    	  73.500    
   61.0000    	 2.09096E-02	  0.0000    	  0.0000    	 0.37767    	  1.2786    	  1.1108    	  73.000    	-0.65000    	  3.1100    	 0.52700    	 0.44800    	 1.41947E-03	 0.43364    	 1.41947E-03	 0.42209    	  1.0000    	  157.94    	 0.35254    	  2005.0    	  4.3000    	  74.800    
   62.0000    	 2.09096E-02	  0.0000    	  0.0000    	 0.38756    	  1.2978    	  1.1399    	  73.000    	 -6.2000    	  5.9620    	 0.48000    	 0.46000    	  0.0000    	 0.23277    	  0.0000    	 0.23277    	  0.0000    	  165.60    	 0.36000    	  2005.0    	  2.6000    	  79.100    
   63.0000    	 2.09096E-02	  0.0000    	  0.0000    	 0.38756    	  1.2978    	  1.1399    	  73.000    	 -8.5000    	  8.3810    	 0.35000    	 0.47200    	 3.59254E-03	 0.68492    	 3.59254E-03	 0.68492    	  1.0000    	  169.92    	 0.36000    	  2005.0    	 0.60000    	  81.700    
   64.0000    	 2.09096E-02	  0.0000    	  0.0000    	 0.41420    	  1.3495    	  1.2182    	  73.000    	 -1.8500    	  7.1710    	 0.49000    	 0.48400    	 6.03809E-03	 0.93280    	 6.03809E-03	 0.93215    	  1.0000    	  174.15    	 0.35981    	  2005.0    	  2.5000    	  82.300    
   65.0000    	 2.09096E-02	  0.0000    	  0.0000    	 0.43700    	  1.3937    	  1.2853    	  73.000    	 -5.0000    	  10.714    	 0.47000    	 0.49600    	 6.52122E-03	  1.0120    	 6.52122E-03	  1.0120    	  1.0000    	  178.56    	 0.36000    	  2005.0    	  2.0000    	  84.800    
   66.0000    	 2.09096E-02	  0.0000    	  0.0000    	 0.47106    	  1.4599    	  1.3855    	  73.000    	  2.8500    	  7.5170    	 0.70000    	 0.50800    	 8.00644E-03	  1.1479    	 8.00644E-03	  1.1479    	  1.0000    	  182.88    	 0.36000    	  2005.0    	  2.3000    	  86.800    
   67.0000    	 2.14528E-02	  0.0000    	  0.0000    	 0.49496    	  1.5063    	  1.4558    	  75.850    	  4.9500    	  5.1840    	 0.79000    	 0.52000    	 5.87673E-03	 0.89524    	 5.87673E-03	 0.89524    	  1.0000    	  187.20    	 0.36000    	  2005.0    	 0.70000    	  89.100    
   68.0000    	 2.24302E-02	  0.0000    	  0.0000    	 0.51186    	  1.5391    	  1.5055    	  80.800    	  3.1000    	  5.8750    	 0.75000    	 0.53200    	 6.28947E-03	 0.91448    	 6.28947E-03	 0.91321    	  1.0000    	  191.31    	 0.35961    	  2005.0    	 0.60000    	  89.800    
   69.0000    	 2.30648E-02	  0.0000    	  0.0000    	 0.53189    	  1.5779    	  1.5644    	  83.900    	 0.60000    	  9.0720    	 0.60000    	 0.54400    	 1.28540E-02	  1.2608    	 1.28540E-02	  1.2564    	  1.0000    	  195.31    	 0.35902    	  2005.0    	  0.0000    	  90.400    
   70.0000    	 2.31897E-02	  0.0000    	  0.0000    	 0.56368    	  1.6397    	  1.6579    	  84.500    	  4.0500    	  1.1230    	 0.76000    	 0.55600    	 5.42989E-04	 0.31647    	 5.42989E-04	 0.31281    	  1.0000    	  198.36    	 0.35676    	  2005.0    	  6.3000    	  90.400    
   71.0000    	 2.40505E-02	  0.0000    	  0.0000    	 0.56764    	  1.6473    	  1.6695    	  88.550    	  2.8000    	  6.4800    	 0.71000    	 0.56800    	 8.55100E-03	  1.0733    	 8.55100E-03	  1.0733    	  1.0000    	  204.48    	 0.36000    	  2005.0    	  8.1000    	  96.700    
   72.0000    	 2.46643E-02	  0.0000    	  0.0000    	 0.59131    	  1.6933    	  1.7392    	  91.350    	  4.2500    	  8.1220    	 0.68000    	 0.58000    	 1.28316E-02	  1.4379    	 1.28316E-02	  1.4379    	  1.0000    	  208.80    	 0.36000    	  2005.0    	 0.50000    	  104.80    
   73.0000    	 2.56260E-02	  0.0000    	  0.0000    	 0.62174    	  1.7524    	  1.8286    	  95.600    	  4.2000    	  5.4430    	 0.68000    	 0.59200    	 9.42450E-03	 0.83475    	 9.42450E-03	 0.82993    	  1.0000    	  212.16    	 0.35838    	  2005.0    	  0.0000    	  105.30    
   74.0000    	 2.66132E-02	  0.0000    	  0.0000    	 0.64292    	  1.7935    	  1.8909    	  99.800    	  6.8500    	  11.146    	 0.78000    	 0.60400    	 2.51592E-02	  2.1095    	 2.51592E-02	  2.0871    	  1.0000    	  215.64    	 0.35703    	  2005.0    	  0.0000    	  105.30    
   75.0000    	 2.83055E-02	  0.0000    	  0.0000    	 0.68794    	  1.8809    	  2.0234    	  106.65    	  13.950    	  11.837    	  1.1300    	 0.61600    	 3.33390E-02	  2.8826    	 3.33390E-02	  2.8173    	  1.0000    	  217.85    	 0.35366    	  2005.0    	  1.3000    	  105.30    
   76.0000    	 3.20920E-02	  0.0000    	  0.0000    	 0.73877    	  1.9795    	  2.1729    	  120.60    	  11.400    	  4.5790    	  1.2400    	 0.62800    	 1.75009E-02	  1.1893    	 1.75009E-02	  1.1523    	  1.0000    	  220.61    	 0.35130    	  2005.0    	  0.0000    	  106.60    
   77.0000    	 3.55595E-02	  0.0000    	  0.0000    	 0.76129    	  2.0239    	  2.2370    	  132.00    	  8.8500    	  2.6780    	  1.0800    	 0.64000    	 8.69497E-03	 0.54332    	 8.69497E-03	 0.52320    	  1.0000    	  223.76    	 0.34963    	  2005.0    	  0.0000    	  106.60    
   78.0000    	 3.85076E-02	  0.0000    	  0.0000    	 0.77605    	  2.0533    	  2.2776    	  140.85    	  9.8500    	  4.4930    	  1.1300    	 0.65200    	 8.61057E-03	 0.79142    	 8.61057E-03	 0.76034    	  1.0000    	  227.55    	 0.34901    	  2005.0    	 0.50000    	  106.60    
   79.0000    	 4.20772E-02	  0.0000    	  0.0000    	 0.80308    	  2.1079    	  2.3500    	  150.70    	  7.9500    	  13.565    	 0.72000    	 0.66400    	 4.47203E-02	  2.3918    	 4.47203E-02	  2.2960    	  1.0000    	  231.59    	 0.34879    	  2005.0    	  0.0000    	  107.10    
   80.0000    	 4.51982E-02	  0.0000    	  0.0000    	 0.89307    	  2.2915    	  2.5836    	  158.65    	  9.7500    	  15.120    	 0.68000    	 0.67600    	 6.53265E-02	  3.1956    	 6.53265E-02	  3.0304    	  1.0000    	  233.57    	 0.34552    	  2005.0    	  0.0000    	  107.10    
   81.0000    	 4.93435E-02	  0.0000    	  0.0000    	  1.0016    	  2.5150    	  2.8583    	  168.40    	  12.600    	  9.5900    	 0.92000    	 0.68800    	 4.14251E-02	  2.1349    	 4.14251E-02	  1.9921    	  1.0000    	  234.80    	 0.34127    	  2005.0    	  2.3000    	  107.10    
   82.0000    	 5.52687E-02	  0.0000    	  0.0000    	  1.0774    	  2.6728    	  3.0444    	  181.00    	  12.800    	  15.120    	  1.0400    	 0.70000    	 6.77818E-02	  2.7816    	 6.77818E-02	  2.6024    	  1.0000    	  239.37    	 0.34196    	  2005.0    	  0.0000    	  109.40    
   83.0000    	 6.20169E-02	  0.0000    	  0.0000    	  1.2127    	  2.9583    	  3.3633    	  193.80    	  14.000    	  11.059    	  1.1900    	 0.71200    	 5.88771E-02	  2.3873    	 5.88771E-02	  2.2041    	  1.0000    	  241.02    	 0.33851    	  2005.0    	  3.6000    	  109.40    
   84.0000    	 7.03446E-02	  0.0000    	  0.0000    	  1.3249    	  3.1983    	  3.6171    	  207.80    	  12.050    	  11.146    	  1.2000    	 0.72400    	 5.73592E-02	  2.1085    	 5.73592E-02	  1.9631    	  1.0000    	  246.66    	 0.34069    	  2005.0    	 0.50000    	  113.00    
   85.0000    	 7.84026E-02	  0.0000    	  0.0000    	  1.4547    	  3.4795    	  3.8970    	  219.85    	  10.200    	  11.664    	  1.0800    	 0.73600    	 7.19542E-02	  2.0589    	 7.19542E-02	  1.9039    	  1.0000    	  249.44    	 0.33892    	  2005.0    	  0.0000    	  113.50    
   86.0000    	 8.59406E-02	  0.0000    	  0.0000    	  1.6074    	  3.8144    	  4.2134    	  230.05    	  12.400    	  9.5040    	  1.2300    	 0.74800    	 5.98636E-02	  1.8304    	 5.98636E-02	  1.6775    	  1.0000    	  251.79    	 0.33662    	  2005.0    	  7.1000    	  113.50    
   87.0000    	 9.60872E-02	  0.0000    	  0.0000    	  1.7449    	  4.1186    	  4.4882    	  242.45    	  11.700    	  6.6530    	  1.2800    	 0.76000    	 4.23393E-02	  1.2565    	 4.23393E-02	  1.1848    	  1.0000    	  261.45    	 0.34401    	  2005.0    	  2.6000    	  120.60    
   88.0000    	 0.10676    	  0.0000    	  0.0000    	  1.8534    	  4.3615    	  4.6959    	  254.15    	  10.850    	  7.6900    	  1.1500    	 0.77200    	 6.43848E-02	  1.3456    	 6.43848E-02	  1.2784    	  1.0000    	  267.12    	 0.34601    	  2005.0    	  0.0000    	  123.20    
   89.0000    	 0.11771    	  0.0000    	  0.0000    	  1.9938    	  4.6789    	  4.9537    	  265.00    	  12.150    	  9.5900    	  1.1200    	 0.78400    	 0.10190    	  1.9004    	 0.10190    	  1.7953    	  1.0000    	  270.10    	 0.34451    	  2005.0    	  0.0000    	  123.20    
   90.0000    	 0.13131    	  0.0000    	  0.0000    	  2.1882    	  5.1224    	  5.2968    	  277.15    	  11.750    	  15.984    	 0.76000    	 0.79600    	 0.16249    	  2.9962    	 0.16249    	  2.8075    	  1.0000    	  272.52    	 0.34236    	  2005.0    	 0.90000    	  123.20    
   91.0000    	 0.14596    	  0.0000    	  0.0000    	  2.5548    	  5.9577    	  5.9113    	  288.90    	  11.500    	  17.626    	 0.64000    	 0.80800    	 0.21400    	  3.2180    	 0.21400    	  2.9884    	  1.0000    	  274.74    	 0.34002    	  2005.0    	  0.0000    	  124.10    
   92.0000    	 0.16187    	  0.0000    	  0.0000    	  3.0246    	  6.9753    	  6.6408    	  300.40    	  12.200    	  19.267    	 0.58000    	 0.82000    	 0.28499    	  3.8124    	 0.28499    	  3.4912    	  1.0000    	  275.85    	 0.33641    	  2005.0    	  0.0000    	  124.10    
   93.0000    	 0.18066    	  0.0000    	  0.0000    	  3.6178    	  8.2009    	  7.4969    	  312.60    	  14.450    	  17.798    	 0.88000    	 0.83200    	 0.26377    	  3.2063    	 0.26377    	  2.8881    	  1.0000    	  276.40    	 0.33221    	  2005.0    	  0.0000    	  124.10    
   94.0000    	 0.20575    	  0.0000    	  0.0000    	  4.2547    	  9.4551    	  8.3483    	  327.05    	  13.450    	  14.083    	  1.0700    	 0.84400    	 0.22664    	  2.6470    	 0.22664    	  2.3527    	  1.0000    	  277.57    	 0.32887    	  2005.0    	  4.6000    	  124.10    
   95.0000    	 0.23222    	  0.0000    	  0.0000    	  4.8548    	  10.574    	  9.0821    	  340.50    	  8.6500    	  16.070    	 0.79000    	 0.85600    	 0.25933    	  2.6590    	 0.25933    	  2.3894    	  1.0000    	  283.85    	 0.33161    	  2005.0    	 0.50000    	  128.70    
   96.0000    	 0.26363    	  0.0000    	  0.0000    	  5.6579    	  12.002    	  9.9867    	  349.15    	  8.3500    	  9.5040    	 0.92000    	 0.86800    	 0.16978    	  1.6219    	 0.16978    	  1.4450    	  1.0000    	  285.97    	 0.32946    	  2005.0    	  1.4000    	  129.20    
   97.0000    	 0.28449    	  0.0000    	  0.0000    	  6.2076    	  12.950    	  10.574    	  357.50    	  9.1000    	  11.578    	 0.89000    	 0.88000    	 0.28081    	  2.2949    	 0.28081    	  2.0454    	  1.0000    	  290.01    	 0.32955    	  2005.0    	  2.4000    	  130.60    
   98.0000    	 0.31172    	  0.0000    	  0.0000    	  6.9453    	  14.188    	  11.324    	  366.60    	  7.0500    	  13.392    	 0.81000    	 0.89200    	 0.27497    	  2.1037    	 0.27497    	  1.8781    	  1.0000    	  294.33    	 0.32997    	  2005.0    	  21.500    	  133.00    
   99.0000    	 0.34591    	  0.0000    	  0.0000    	  7.8997    	  15.742    	  12.243    	  373.65    	  3.7500    	  12.701    	 0.70000    	 0.90400    	 0.24942    	  1.7535    	 0.24942    	  1.7014    	  1.0000    	  317.92    	 0.35168    	  2005.0    	  4.5000    	  154.50    
   100.000    	 0.38149    	  0.0000    	  0.0000    	  8.9158    	  17.359    	  13.180    	  377.40    	  7.1000    	  8.1220    	 0.92000    	 0.91600    	 0.17282    	  1.1915    	 0.17282    	  1.1680    	  1.0000    	  324.70    	 0.35448    	  2005.0    	 0.80000    	  159.00    
   101.000    	 0.40631    	  0.0000    	  0.0000    	  9.6330    	  18.487    	  13.827    	  384.50    	  10.400    	  18.144    	 0.91000    	 0.92800    	 0.51862    	  2.6462    	 0.51862    	  2.5882    	  1.0000    	  328.39    	 0.35386    	  2005.0    	  0.0000    	  159.80    
   102.000    	 0.46488    	  0.0000    	  0.0000    	  11.363    	  21.150    	  15.322    	  394.90    	  8.6500    	  15.898    	 0.86000    	 0.94000    	 0.48355    	  2.1270    	 0.48355    	  2.0559    	  1.0000    	  329.60    	 0.35064    	  2005.0    	  0.0000    	  159.80    
   103.000    	 0.52253    	  0.0000    	  0.0000    	  13.121    	  23.770    	  16.749    	  403.55    	  9.8000    	  5.8750    	  1.1700    	 0.95200    	 0.16432    	 0.87255    	 0.16432    	 0.83543    	  1.0000    	  331.38    	 0.34809    	  2005.0    	  7.3000    	  159.80    
   104.000    	 0.54605    	  0.0000    	  0.0000    	  13.856    	  24.839    	  17.316    	  413.35    	  13.450    	  11.232    	  1.0900    	 0.96400    	 0.40283    	  1.7145    	 0.40283    	  1.6817    	  1.0000    	  341.87    	 0.35464    	  2005.0    	  1.6000    	  167.10    
   105.000    	 0.59266    	  0.0000    	  0.0000    	  15.356    	  26.958    	  18.404    	  426.80    	  12.350    	  12.701    	  1.0300    	 0.97600    	 0.50356    	  1.9050    	 0.50356    	  1.8647    	  1.0000    	  345.57    	 0.35407    	  2005.0    	 0.90000    	  168.70    
   106.000    	 0.64900    	  0.0000    	  0.0000    	  17.238    	  29.519    	  19.663    	  439.15    	  8.4500    	  4.1470    	 0.48000    	 0.98800    	 4.19725E-02	 0.38716    	 4.19725E-02	 0.37680    	  1.0000    	  348.27    	 0.35250    	  2005.0    	  6.5000    	  169.60    
   107.000    	 0.66879    	  0.0000    	  0.0000    	  17.922    	  30.418    	  20.086    	  447.60    	  10.600    	  19.008    	  1.2000    	  1.0000    	 0.92999    	  2.6596    	 0.92999    	  2.6455    	  1.0000    	  358.51    	 0.35851    	  2005.0    	  0.0000    	  176.10    
   108.000    	 0.76160    	  0.0000    	  0.0000    	  21.201    	  34.637    	  22.012    	  458.20    	  10.500    	  10.886    	  1.1200    	  1.0120    	 0.47887    	  1.4119    	 0.47887    	  1.3867    	  1.0000    	  359.25    	 0.35499    	  2005.0    	 0.70000    	  176.10    
   109.000    	 0.82049    	  0.0000    	  0.0000    	  23.339    	  37.314    	  23.187    	  468.70    	  7.4000    	  5.8750    	  1.0300    	  1.0240    	 0.21424    	 0.70794    	 0.21424    	 0.69208    	  1.0000    	  362.22    	 0.35373    	  2005.0    	  16.900    	  176.80    
   110.000    	 0.85412    	  0.0000    	  0.0000    	  24.593    	  38.842    	  23.830    	  476.10    	  9.5000    	  14.342    	 0.80000    	  1.0360    	 0.66192    	  1.6551    	 0.66192    	  1.6551    	  1.0000    	  372.96    	 0.36000    	  2005.0    	  2.5000    	  193.70    
   111.000    	 0.93869    	  0.0000    	  0.0000    	  27.805    	  42.687    	  25.400    	  485.60    	  8.8000    	  22.378    	 0.64000    	  1.0480    	  1.2537    	  2.4045    	  1.2537    	  2.4043    	  1.0000    	  377.25    	 0.35997    	  2005.0    	  0.0000    	  196.20    
   112.000    	  1.0802    	  0.0000    	  0.0000    	  33.306    	  49.118    	  27.923    	  494.40    	  8.0500    	  22.723    	 0.61000    	  1.0600    	  1.3295    	  2.1448    	  1.3295    	  2.1181    	  1.0000    	  377.91    	 0.35652    	  2005.0    	  0.0000    	  196.20    
   113.000    	  1.2391    	  0.0000    	  0.0000    	  39.614    	  56.342    	  30.648    	  502.45    	  9.8000    	  22.637    	 0.67000    	  1.0720    	  1.5491    	  2.0838    	  1.5491    	  2.0342    	  1.0000    	  378.78    	 0.35334    	  2005.0    	  0.0000    	  196.20    
   114.000    	  1.4130    	  0.0000    	  0.0000    	  46.649    	  64.246    	  33.520    	  512.25    	  10.450    	  17.885    	 0.87000    	  1.0840    	  1.5003    	  1.6663    	  1.5003    	  1.6074    	  1.0000    	  379.52    	 0.35011    	  2005.0    	  0.0000    	  196.20    
   115.000    	  1.5625    	  0.0000    	  0.0000    	  52.835    	  71.040    	  35.876    	  522.70    	  11.800    	  15.638    	 0.87000    	  1.0960    	  1.4332    	  1.3826    	  1.4332    	  1.3203    	  1.0000    	  380.73    	 0.34738    	  2005.0    	  0.0000    	  196.20    
   116.000    	  1.7013    	  0.0000    	  0.0000    	  58.719    	  77.352    	  37.951    	  534.50    	  10.150    	  8.9860    	  1.1100    	  1.1080    	 0.59114    	 0.68788    	 0.59114    	 0.65112    	  1.0000    	  382.30    	 0.34504    	  2005.0    	  3.4000    	  196.20    
   117.000    	  1.7851    	  0.0000    	  0.0000    	  62.361    	  81.159    	  39.124    	  544.65    	  10.250    	  18.576    	  1.0100    	  1.1200    	  1.7308    	  1.5317    	  1.7308    	  1.4592    	  1.0000    	  388.35    	 0.34674    	  2005.0    	  5.4000    	  199.60    
   118.000    	  1.9627    	  0.0000    	  0.0000    	  70.258    	  89.232    	  41.471    	  554.90    	  11.000    	  15.552    	 0.94900    	  1.1320    	  1.5439    	  1.0631    	  1.5439    	  1.0192    	  1.0000    	  394.44    	 0.34844    	  2005.0    	  0.0000    	  205.00    
   119.000    	  2.1189    	  0.0000    	  0.0000    	  77.359    	  96.334    	  43.409    	  565.90    	  13.450    	  11.405    	  1.3800    	  1.1440    	  1.0589    	 0.80128    	  1.0589    	 0.76214    	  1.0000    	  396.19    	 0.34632    	  2005.0    	  8.9000    	  205.00    
   120.000    	  2.2342    	  0.0000    	  0.0000    	  82.984    	  101.57    	  44.857    	  579.35    	  13.750    	  9.8500    	  1.4700    	  1.1560    	  1.1257    	 0.65309    	  1.1257    	 0.63473    	  1.0000    	  407.06    	 0.35213    	  2005.0    	 0.10000    	  213.90    
   121.000    	  2.3320    	  0.0000    	  0.0000    	  88.197    	  106.02    	  46.107    	  593.10    	  18.500    	  20.045    	  1.6200    	  1.1680    	  2.6574    	  1.3763    	  2.6574    	  1.3306    	  1.0000    	  409.62    	 0.35070    	  2005.0    	  0.0000    	  214.00    
   122.000    	  2.5259    	  0.0000    	  0.0000    	  99.504    	  114.83    	  48.633    	  611.60    	  14.850    	  7.7760    	  1.6400    	  1.1800    	 0.72317    	 0.46647    	 0.72317    	 0.44551    	  1.0000    	  409.95    	 0.34742    	  2005.0    	  1.6000    	  214.00    
   123.000    	  2.5989    	  0.0000    	  0.0000    	  104.31    	  118.15    	  49.610    	  626.45    	  13.800    	  8.9860    	  1.4300    	  1.1920    	 0.80543    	 0.48558    	 0.80543    	 0.46369    	  1.0000    	  414.07    	 0.34738    	  2005.0    	  9.2000    	  215.60    
   124.000    	  2.6796    	  0.0000    	  0.0000    	  110.18    	  121.82    	  50.719    	  640.25    	  11.500    	  10.195    	  1.2900    	  1.2040    	 0.98968    	 0.53379    	 0.98968    	 0.52150    	  1.0000    	  425.67    	 0.35355    	  2005.0    	  2.3000    	  224.80    
   125.000    	  2.7674    	  0.0000    	  0.0000    	  117.18    	  125.81    	  51.954    	  651.75    	  8.2000    	  16.330    	 0.89000    	  1.2040    	  1.6350    	 0.75214    	  1.6350    	 0.73508    	  1.0000    	  425.79    	 0.35365    	  2005.0    	  4.1000    	  227.10    
   126.000    	  2.9031    	  0.0000    	  0.0000    	  128.89    	  131.98    	  53.909    	  659.95    	  9.7500    	  15.898    	 0.96000    	  1.2040    	  2.0685    	 0.74820    	  2.0685    	 0.73353    	  1.0000    	  426.83    	 0.35451    	  2005.0    	 0.20000    	  231.20    
   127.000    	  3.0330    	  0.0000    	  0.0000    	  140.76    	  137.88    	  55.810    	  669.70    	  7.5000    	  9.6770    	 0.94000    	  1.2040    	 0.80144    	 0.37750    	 0.80144    	 0.36697    	  1.0000    	  424.03    	 0.35218    	  2005.0    	  8.5000    	  231.40    
   128.000    	  3.1098    	  0.0000    	  0.0000    	  148.28    	  141.37    	  56.960    	  677.20    	  6.9000    	  17.971    	 0.79000    	  1.2040    	  1.7902    	 0.66339    	  1.7902    	 0.65780    	  1.0000    	  430.60    	 0.35764    	  2005.0    	  2.0000    	  239.90    
   129.000    	  3.2487    	  0.0000    	  0.0000    	  162.64    	  147.69    	  59.075    	  684.10    	  7.3000    	  17.194    	 0.80000    	  1.2040    	  1.7460    	 0.60032    	  1.7460    	 0.59309    	  1.0000    	  429.38    	 0.35663    	  2005.0    	  4.1000    	  241.90    
   130.000    	  3.3790    	  0.0000    	  0.0000    	  176.81    	  153.61    	  61.095    	  691.40    	  7.2000    	  17.021    	 0.83200    	  1.2040    	  1.7020    	 0.54774    	  1.7020    	 0.54268    	  1.0000    	  430.33    	 0.35741    	  2005.0    	  1.4000    	  246.00    
   131.000    	  3.5049    	  0.0000    	  0.0000    	  191.27    	  159.33    	  63.083    	  698.60    	  7.4500    	  19.958    	 0.82000    	  1.2040    	  2.0466    	 0.59509    	  2.0466    	 0.58661    	  1.0000    	  428.64    	 0.35601    	  2005.0    	  1.1000    	  247.40    
   132.000    	  3.6486    	  0.0000    	  0.0000    	  208.71    	  165.87    	  65.398    	  706.05    	  7.5000    	  22.810    	 0.73000    	  1.2040    	  3.0322    	 0.66216    	  3.0322    	 0.64799    	  1.0000    	  426.23    	 0.35401    	  2005.0    	  0.0000    	  248.50    
   133.000    	  3.8081    	  0.0000    	  0.0000    	  229.21    	  173.12    	  68.025    	  713.55    	  11.700    	  18.662    	 0.84000    	  1.2040    	  2.8937    	 0.57323    	  2.8937    	 0.55471    	  1.0000    	  422.55    	 0.35095    	  2005.0    	  0.0000    	  248.50    
   134.000    	  3.9346    	  0.0000    	  0.0000    	  246.48    	  178.86    	  70.156    	  725.25    	  11.800    	  21.859    	 0.91000    	  1.2040    	  3.2271    	 0.59818    	  3.2271    	 0.57273    	  1.0000    	  419.10    	 0.34809    	  2005.0    	  0.0000    	  248.50    
   135.000    	  4.0737    	  0.0000    	  0.0000    	  267.41    	  185.19    	  72.596    	  737.05    	  10.350    	  14.083    	  1.0500    	  1.2040    	  1.4922    	 0.34283    	  1.4922    	 0.32438    	  1.0000    	  415.30    	 0.34493    	  2005.0    	  6.9000    	  248.50    
   136.000    	  4.1552    	  0.0000    	  0.0000    	  281.36    	  188.99    	  74.130    	  747.40    	  9.3000    	  12.096    	 0.94000    	  1.2040    	  1.0719    	 0.26198    	  1.0719    	 0.25104    	  1.0000    	  419.36    	 0.34831    	  2005.0    	  2.0000    	  255.40    
   137.000    	  4.2175    	  0.0000    	  0.0000    	  293.66    	  192.05    	  75.416    	  756.70    	  6.4500    	  19.699    	 0.72000    	  1.2040    	  2.4493    	 0.38807    	  2.4493    	 0.37145    	  1.0000    	  419.00    	 0.34801    	  2005.0    	  0.0000    	  257.40    
   138.000    	  4.3130    	  0.0000    	  0.0000    	  314.16    	  196.70    	  77.460    	  763.15    	  7.6500    	  24.710    	 0.66000    	  1.2040    	  3.0222    	 0.45710    	  3.0222    	 0.43370    	  1.0000    	  416.18    	 0.34567    	  2005.0    	  0.0000    	  257.40    
   139.000    	  4.4254    	  0.0000    	  0.0000    	  340.34    	  202.27    	  79.988    	  770.80    	  13.300    	  20.045    	 0.89000    	  1.2040    	  2.9160    	 0.45591    	  2.9160    	 0.42789    	  1.0000    	  412.73    	 0.34279    	  2005.0    	 0.70000    	  257.40    
   140.000    	  4.5049    	  0.0000    	  0.0000    	  362.03    	  206.52    	  82.002    	  784.10    	  17.150    	  12.960    	  1.4100    	  1.2040    	  1.7550    	 0.30924    	  1.7550    	 0.28717    	  1.0000    	  409.38    	 0.34002    	  2005.0    	  4.9000    	  258.10    
   141.000    	  4.5429    	  0.0000    	  0.0000    	  376.40    	  209.03    	  83.261    	  801.25    	  15.450    	  20.822    	  1.2900    	  1.2040    	  2.9406    	 0.45974    	  2.9406    	 0.42929    	  1.0000    	  411.11    	 0.34146    	  2005.0    	  8.2000    	  263.00    
   142.000    	  4.6073    	  0.0000    	  0.0000    	  399.87    	  212.80    	  85.214    	  816.70    	  14.550    	  26.006    	  1.0900    	  1.2040    	  4.3731    	 0.55195    	  4.3731    	 0.52144    	  1.0000    	  414.81    	 0.34452    	  2005.0    	  0.0000    	  271.20    
   143.000    	  4.6839    	  0.0000    	  0.0000    	  429.62    	  217.23    	  87.577    	  831.25    	  12.650    	  23.414    	  1.0700    	  1.2040    	  3.8977    	 0.46987    	  3.8977    	 0.43708    	  1.0000    	  409.91    	 0.34046    	  2005.0    	  0.0000    	  271.20    
   144.000    	  4.7426    	  0.0000    	  0.0000    	  456.80    	  220.99    	  89.642    	  843.90    	  12.700    	  14.515    	  1.0900    	  1.2040    	  2.4160    	 0.28726    	  2.4160    	 0.26352    	  1.0000    	  405.58    	 0.33686    	  2005.0    	 0.10000    	  271.20    
   145.000    	  4.7647    	  0.0000    	  0.0000    	  473.86    	  223.19    	  90.887    	  856.60    	  18.150    	  22.896    	  1.4000    	  1.2040    	  4.0664    	 0.47198    	  4.0664    	 0.42922    	  1.0000    	  402.90    	 0.33463    	  2005.0    	  0.0000    	  271.30    
   146.000    	  4.8093    	  0.0000    	  0.0000    	  501.06    	  226.46    	  92.792    	  874.75    	  21.100    	  23.933    	  1.5000    	  1.2040    	  4.3586    	 0.49540    	  4.3586    	 0.44391    	  1.0000    	  398.40    	 0.33090    	  2005.0    	  0.0000    	  271.30    
   147.000    	  4.8485    	  0.0000    	  0.0000    	  529.94    	  229.58    	  94.698    	  895.85    	  20.900    	  26.698    	  1.4000    	  1.2040    	  4.6167    	 0.51691    	  4.6167    	 0.45582    	  1.0000    	  393.60    	 0.32691    	  2005.0    	  0.0000    	  271.30    
   148.000    	  4.8852    	  0.0000    	  0.0000    	  562.73    	  232.64    	  96.710    	  916.75    	  19.050    	  26.093    	  1.6800    	  1.2040    	  4.9640    	 0.53625    	  4.9640    	 0.46481    	  1.0000    	  388.53    	 0.32270    	  2005.0    	  0.0000    	  271.30    
   149.000    	  4.9101    	  0.0000    	  0.0000    	  595.31    	  235.25    	  98.567    	  935.80    	  15.200    	  20.650    	  1.1700    	  1.2040    	  2.6499    	 0.35135    	  2.6499    	 0.29889    	  1.0000    	  383.10    	 0.31819    	  2005.0    	  1.2000    	  271.30    
   150.000    	  4.9158    	  0.0000    	  0.0000    	  621.49    	  237.03    	  99.956    	  951.00    	  9.5500    	  4.6660    	  1.1780    	  1.2040    	 9.69115E-02	 7.56806E-02	 9.69115E-02	 6.37174E-02	  1.0000    	  380.15    	 0.31574    	  2005.0    	  6.1000    	  272.50    
   151.000    	  4.8897    	  0.0000    	  0.0000    	  627.47    	  237.38    	  100.26    	  960.55    	  10.850    	  20.995    	  1.0100    	  1.2040    	  3.2560    	 0.35204    	  3.2560    	 0.30131    	  1.0000    	  384.86    	 0.31965    	  2005.0    	  0.0000    	  278.60    
   152.000    	  4.8886    	  0.0000    	  0.0000    	  654.55    	  238.82    	  101.56    	  971.40    	  10.850    	  26.611    	 0.88000    	  1.2040    	  3.8905    	 0.42399    	  3.8905    	 0.35842    	  1.0000    	  381.30    	 0.31670    	  2005.0    	  0.0000    	  278.60    
   153.000    	  4.8914    	  0.0000    	  0.0000    	  689.14    	  240.42    	  103.15    	  982.25    	  16.150    	  8.8990    	  1.5800    	  1.2040    	  1.3789    	 0.17027    	  1.3789    	 0.14179    	  1.0000    	  377.05    	 0.31317    	  2005.0    	 0.40000    	  278.60    
   154.000    	  4.8690    	  0.0000    	  0.0000    	  700.80    	  240.89    	  103.67    	  998.40    	  20.050    	  18.662    	  1.5400    	  1.2040    	  2.7581    	 0.37007    	  2.7581    	 0.30650    	  1.0000    	  375.53    	 0.31190    	  2005.0    	  6.6000    	  279.00    
   155.000    	  4.8541    	  0.0000    	  0.0000    	  725.51    	  241.66    	  104.68    	  1018.5    	  14.950    	  11.578    	  1.3500    	  1.2040    	  1.7735    	 0.25697    	  1.7735    	 0.21460    	  1.0000    	  377.85    	 0.31383    	  2005.0    	  3.2000    	  285.60    
   156.000    	  4.8297    	  0.0000    	  0.0000    	  741.05    	  241.96    	  105.26    	  1033.4    	  14.750    	  11.232    	  1.4600    	  1.2040    	  1.4190    	 0.22439    	  1.4190    	 0.18739    	  1.0000    	  377.85    	 0.31383    	  2005.0    	  5.5000    	  288.80    
   157.000    	  4.8035    	  0.0000    	  0.0000    	  756.26    	  242.14    	  105.79    	  1048.2    	  10.800    	  13.219    	  1.0200    	  1.2040    	  1.7715    	 0.21943    	  1.7715    	 0.18499    	  1.0000    	  380.54    	 0.31606    	  2005.0    	 0.30000    	  294.30    
   158.000    	  4.7760    	  0.0000    	  0.0000    	  774.34    	  242.20    	  106.37    	  1059.0    	  9.6000    	  15.811    	 0.87000    	  1.2040    	  2.0177    	 0.25721    	  2.0177    	 0.21535    	  1.0000    	  378.58    	 0.31443    	  2005.0    	 0.40000    	  294.60    
   159.000    	  4.7482    	 8.24571E-03	 0.82457    	  795.21    	  242.20    	  107.03    	  1068.6    	  10.450    	  27.043    	 0.90000    	  1.2040    	  3.8949    	 0.45839    	  3.8949    	 0.38076    	  1.0000    	  376.35    	 0.31258    	  2005.0    	  0.0000    	  295.00    
   160.000    	  4.7216    	 5.65758E-02	  5.6576    	  827.50    	  242.20    	  108.13    	  1079.0    	  11.600    	  24.797    	 0.88000    	  1.2040    	  3.4810    	 0.41865    	  3.4810    	 0.34244    	  1.0000    	  372.07    	 0.30903    	  2005.0    	  0.0000    	  295.00    
   161.000    	  4.6960    	 0.13499    	  13.499    	  853.70    	  242.20    	  109.10    	  1090.6    	  12.450    	  23.414    	  1.0700    	  1.2040    	  3.6034    	 0.43542    	  3.6034    	 0.35122    	  1.0000    	  368.25    	 0.30585    	  2005.0    	  0.0000    	  295.00    
   162.000    	  4.6715    	 0.24471    	  24.471    	  874.87    	  242.20    	  109.97    	  1103.0    	  10.850    	  17.539    	 0.95000    	  1.2040    	  2.5862    	 0.31685    	  2.5862    	 0.25186    	  1.0000    	  364.29    	 0.30257    	  2005.0    	  0.0000    	  295.00    
   163.000    	  4.6480    	 0.35555    	  35.555    	  887.87    	  242.20    	  110.60    	  1113.9    	  10.550    	  13.651    	  1.0200    	  1.2040    	  1.4663    	 0.25329    	  1.4663    	 0.19921    	  1.0000    	  361.45    	 0.30021    	  2005.0    	  7.2000    	  295.00    
   164.000    	  4.5034    	 0.46119    	  46.119    	  896.05    	  242.20    	  111.07    	  1124.4    	  11.800    	  20.909    	  1.0400    	  1.2040    	  2.7806    	 0.44612    	  2.7806    	 0.35665    	  1.0000    	  365.83    	 0.30384    	  2005.0    	  9.2000    	  302.20    
   165.000    	  4.3521    	 0.65085    	  65.085    	  905.66    	  242.20    	  111.76    	  1136.3    	  14.000    	  29.030    	  1.0000    	  1.2040    	  4.5510    	 0.66608    	  4.5510    	 0.54225    	  1.0000    	  370.76    	 0.30794    	  2005.0    	  0.0000    	  311.40    
   166.000    	  4.1867    	 0.95682    	  95.682    	  914.52    	  242.20    	  112.65    	  1150.3    	  15.550    	  22.464    	  1.2700    	  1.2040    	  3.6639    	 0.58772    	  3.6639    	 0.46957    	  1.0000    	  365.67    	 0.30371    	  2005.0    	  0.0000    	  311.40    
   167.000    	  4.0116    	  1.2321    	  123.21    	  917.30    	  242.20    	  113.30    	  1165.8    	  18.050    	  21.773    	  1.4400    	  1.2040    	  3.8003    	 0.69483    	  3.8003    	 0.54663    	  1.0000    	  361.54    	 0.30028    	  2005.0    	 0.30000    	  311.40    
   168.000    	  3.8103    	  1.5235    	  152.35    	  917.30    	  242.20    	  113.87    	  1183.9    	  19.700    	  10.800    	  1.9900    	  1.2040    	  1.9284    	 0.38269    	  1.9284    	 0.29613    	  1.0000    	  357.19    	 0.29667    	  2005.0    	  0.0000    	  311.70    
   169.000    	  3.5982    	  1.6666    	  166.66    	  917.30    	  242.20    	  114.12    	  1203.6    	  19.950    	  28.771    	  1.3400    	  1.2040    	  4.5571    	  1.0390    	  4.5571    	 0.79716    	  1.0000    	  354.97    	 0.29482    	  2005.0    	  0.0000    	  311.70    
   170.000    	  3.3949    	  2.0430    	  204.30    	  917.30    	  242.20    	  114.65    	  1223.5    	  22.150    	  29.635    	  1.2500    	  1.2040    	  4.8773    	  1.2538    	  4.8773    	 0.94204    	  1.0000    	  349.61    	 0.29038    	  2005.0    	  0.0000    	  311.70    
   171.000    	  3.1782    	  2.4252    	  242.52    	  917.30    	  242.20    	  115.08    	  1245.7    	  25.100    	  27.821    	  1.6100    	  1.2040    	  4.4190    	  1.3083    	  4.4190    	 0.96038    	  1.0000    	  343.79    	 0.28554    	  2005.0    	  0.0000    	  311.70    
   172.000    	  2.9441    	  2.7777    	  277.77    	  917.30    	  242.20    	  115.38    	  1270.8    	  19.250    	  22.896    	  1.6700    	  1.2040    	  3.3794    	  1.1542    	  3.3794    	 0.82883    	  1.0000    	  338.41    	 0.28107    	  2005.0    	  0.0000    	  311.70    
   173.000    	  2.7846    	  3.0611    	  306.11    	  917.30    	  242.20    	  115.51    	  1290.0    	  19.600    	  19.958    	  1.4400    	  1.2040    	  2.4847    	 0.96205    	  2.4847    	 0.67886    	  1.0000    	  334.20    	 0.27758    	  2005.0    	  0.0000    	  311.70    
   174.000    	  2.6305    	  3.3036    	  330.36    	  917.30    	  242.20    	  115.56    	  1309.6    	  21.800    	  27.994    	  1.4700    	  1.2040    	  3.8798    	  1.6441    	  3.8798    	  1.1447    	  1.0000    	  331.04    	 0.27495    	  2005.0    	  0.0000    	  311.70    
   175.000    	  2.4657    	  3.6369    	  363.69    	  917.30    	  242.20    	  115.56    	  1331.4    	  25.250    	  26.266    	  1.8700    	  1.2040    	  3.4283    	  1.6467    	  3.4283    	  1.1220    	  1.0000    	  326.02    	 0.27078    	  2005.0    	  0.0000    	  311.70    
   176.000    	  2.2828    	  3.9411    	  394.11    	  917.30    	  242.20    	  115.56    	  1356.7    	  17.600    	  8.4670    	  1.9500    	  1.2040    	 0.85834    	 0.61046    	 0.85834    	 0.40770    	  1.0000    	  321.47    	 0.26700    	  2005.0    	  2.3000    	  311.70    
   177.000    	  2.1717    	  4.0359    	  403.59    	  917.30    	  242.20    	  115.56    	  1374.3    	  17.300    	  25.402    	  1.2200    	  1.2040    	  2.9404    	  1.7314    	  2.9404    	  1.1587    	  1.0000    	  321.93    	 0.26738    	  2005.0    	  0.0000    	  314.00    
   178.000    	  2.0682    	  4.3134    	  431.34    	  917.30    	  242.20    	  115.56    	  1391.6    	  17.800    	  27.734    	  1.3200    	  1.2040    	  3.2289    	  2.0516    	  2.9350    	  1.3480    	 0.90897    	  317.83    	 0.26398    	  2005.0    	  0.0000    	  314.00    
   179.000    	  1.9662    	  4.5822    	  458.22    	  917.30    	  242.20    	  115.56    	  1409.4    	  17.000    	  29.203    	  1.2300    	  1.2040    	  3.4225    	  2.3409    	  2.6730    	  1.5084    	 0.78101    	  313.55    	 0.26042    	  2005.0    	  0.0000    	  314.00    
   180.000    	  1.8744    	  4.8191    	  481.91    	  917.30    	  242.20    	  115.56    	  1426.4    	  19.700    	  16.157    	  1.5400    	  1.2040    	  1.5367    	  1.3200    	  1.5367    	 0.83417    	  1.0000    	  309.37    	 0.25695    	  2005.0    	  6.8000    	  314.00    
   181.000    	  1.7701    	  4.9828    	  498.28    	  917.30    	  242.20    	  115.56    	  1446.1    	  18.100    	  13.306    	  1.7300    	  1.2040    	  1.2183    	  1.1629    	  1.2183    	 0.74857    	  1.0000    	  313.33    	 0.26024    	  2005.0    	  10.300    	  320.80    
   182.000    	  1.6810    	  5.1134    	  511.34    	  917.30    	  242.20    	  115.56    	  1464.2    	  17.000    	  16.934    	  1.5500    	  1.2040    	  1.6558    	  1.6134    	  1.6558    	  1.0763    	  1.0000    	  321.22    	 0.26679    	  2005.0    	  1.0000    	  331.10    
   183.000    	  1.6025    	  5.2747    	  527.47    	  917.30    	  242.20    	  115.56    	  1481.2    	  16.800    	  8.8130    	  1.8800    	  1.2040    	 0.86104    	 0.88867    	 0.86104    	 0.58717    	  1.0000    	  319.06    	 0.26500    	  2005.0    	 0.20000    	  332.10    
   184.000    	  1.5288    	  5.3564    	  535.64    	  917.30    	  242.20    	  115.56    	  1498.0    	  21.300    	  22.723    	  1.8300    	  1.2040    	  2.2498    	  2.3556    	  2.2498    	  1.5463    	  1.0000    	  317.62    	 0.26380    	  2005.0    	 0.20000    	  332.30    
   185.000    	  1.4356    	  5.5610    	  556.10    	  917.30    	  242.20    	  115.56    	  1519.3    	  19.350    	  10.800    	  1.7500    	  1.2040    	  1.0116    	  1.2830    	  1.0116    	 0.82774    	  1.0000    	  313.82    	 0.26065    	  2005.0    	  16.300    	  332.50    
   186.000    	  1.3573    	  5.6546    	  565.46    	  917.30    	  242.20    	  115.56    	  1538.6    	  14.650    	  15.206    	  1.2700    	  1.2040    	  1.2567    	  1.6669    	  1.2567    	  1.1452    	  1.0000    	  327.92    	 0.27236    	  2005.0    	  1.2000    	  348.80    
   187.000    	  1.3040    	  5.7816    	  578.16    	  917.30    	  242.20    	  115.56    	  1553.3    	  15.300    	  10.627    	  1.5200    	  1.2040    	 0.80466    	  1.1969    	 0.80466    	 0.81677    	  1.0000    	  326.38    	 0.27108    	  2005.0    	  6.9000    	  350.00    
   188.000    	  1.2505    	  5.8681    	  586.81    	  917.30    	  242.20    	  115.56    	  1568.6    	  14.750    	  16.934    	  1.3000    	  1.2040    	  1.3035    	  1.7339    	  1.3035    	  1.2087    	  1.0000    	  331.33    	 0.27519    	  2005.0    	  0.0000    	  356.90    
   189.000    	  1.2011    	  6.0022    	  600.22    	  917.30    	  242.20    	  115.56    	  1583.3    	  13.350    	  9.7630    	  1.4800    	  1.2040    	 0.64302    	  1.0973    	 0.64302    	 0.75676    	  1.0000    	  328.82    	 0.27311    	  2005.0    	  3.9000    	  356.90    
   190.000    	  1.1570    	  6.0774    	  607.74    	  917.30    	  242.20    	  115.56    	  1596.7    	  14.700    	  23.242    	  1.5400    	  1.2040    	  1.9136    	  2.7780    	  1.9136    	  1.9340    	  1.0000    	  331.02    	 0.27493    	  2005.0    	  0.0000    	  360.80    
   191.000    	  1.1115    	  6.2519    	  625.19    	  917.30    	  242.20    	  115.56    	  1611.4    	  21.100    	  24.451    	  1.6800    	  1.2040    	  2.0168    	  3.1209    	  2.0168    	  2.1372    	  1.0000    	  327.17    	 0.27174    	  2005.0    	  0.0000    	  360.80    
   192.000    	  1.0444    	  6.4304    	  643.04    	  917.30    	  242.20    	  115.56    	  1632.5    	  21.000    	  24.451    	  1.8400    	  1.2040    	  1.9717    	  3.2959    	  1.9717    	  2.2163    	  1.0000    	  323.02    	 0.26829    	  2005.0    	  0.0000    	  360.80    
   193.000    	 0.98173    	  6.6012    	  660.12    	  917.30    	  242.20    	  115.56    	  1653.5    	  20.600    	  24.365    	  1.9100    	  1.2040    	  1.8772    	  3.3916    	  1.8772    	  2.2386    	  1.0000    	  318.83    	 0.26481    	  2005.0    	  0.0000    	  360.80    
   194.000    	 0.92413    	  6.7639    	  676.39    	  917.30    	  242.20    	  115.56    	  1674.1    	  20.100    	  25.834    	  1.7600    	  1.2040    	  1.8463    	  3.6082    	  1.8463    	  2.3375    	  1.0000    	  314.72    	 0.26139    	  2005.0    	  0.0000    	  360.80    
   195.000    	 0.87146    	  6.9288    	  692.88    	  917.30    	  242.20    	  115.56    	  1694.2    	  20.700    	  25.661    	  1.6100    	  1.2040    	  1.6440    	  3.4892    	  1.6440    	  2.2171    	  1.0000    	  310.53    	 0.25792    	  2005.0    	  0.0000    	  360.80    
   196.000    	 0.82004    	  7.0855    	  708.55    	  917.30    	  242.20    	  115.56    	  1714.8    	  19.650    	  22.291    	  1.7500    	  1.2040    	  1.5170    	  3.4121    	  1.5170    	  2.1290    	  1.0000    	  306.67    	 0.25471    	  2005.0    	  0.0000    	  360.80    
   197.000    	 0.77453    	  7.2155    	  721.55    	  917.30    	  242.20    	  115.56    	  1734.5    	  16.250    	  20.045    	  1.4100    	  1.2040    	  1.1149    	  2.7191    	  1.1149    	  1.6672    	  1.0000    	  303.03    	 0.25168    	  2005.0    	  0.0000    	  360.80    
   198.000    	 0.74032    	  7.3272    	  732.72    	  917.30    	  242.20    	  115.56    	  1750.8    	  15.750    	  20.390    	  1.3800    	  1.2040    	  1.0981    	  2.8217    	  1.0981    	  1.7069    	  1.0000    	  300.24    	 0.24937    	  2005.0    	  0.0000    	  360.80    
   199.000    	 0.70886    	  7.4369    	  743.69    	  917.30    	  242.20    	  115.56    	  1766.5    	  20.100    	  17.194    	  1.6400    	  1.2040    	 0.95191    	  2.5824    	 0.95191    	  1.5406    	  1.0000    	  297.44    	 0.24704    	  2005.0    	  0.0000    	  360.80    
   200.000    	 0.66845    	  7.5263    	  752.63    	  917.30    	  242.20    	  115.56    	  1786.6    	  18.800    	  19.267    	  1.3600    	  1.2040    	  1.2586    	  3.6824    	  1.0663    	  2.1696    	 0.84719    	  294.95    	 0.24497    	  2005.0    	 0.10000    	  360.80    
   201.000    	 0.63325    	  7.6072    	  760.72    	  917.30    	  242.20    	  115.56    	  1805.4    	  16.300    	  14.256    	  1.4400    	  1.2040    	 0.77872    	  2.5795    	 0.77872    	  1.4950    	  1.0000    	  291.71    	 0.24228    	  2005.0    	  5.5000    	  360.90    
   202.000    	 0.60517    	  7.6748    	  767.48    	  917.30    	  242.20    	  115.56    	  1821.7    	  15.050    	  7.4300    	  1.5400    	  1.2040    	 0.40675    	  1.2934    	 0.40675    	 0.76143    	  1.0000    	  294.78    	 0.24483    	  2005.0    	  0.0000    	  366.40    
   203.000    	 0.58087    	  7.7087    	  770.87    	  917.30    	  242.20    	  115.56    	  1836.8    	  15.000    	  7.7760    	  1.4100    	  1.2040    	 0.28884    	  1.2232    	 0.28884    	 0.71582    	  1.0000    	  293.61    	 0.24386    	  2005.0    	  2.1000    	  366.40    
   204.000    	 0.55763    	  7.7430    	  774.30    	  917.30    	  242.20    	  115.56    	  1851.8    	  14.050    	  12.096    	  1.3700    	  1.2040    	 0.46641    	  1.8994    	 0.46641    	  1.1169    	  1.0000    	  294.56    	 0.24465    	  2005.0    	 0.40000    	  368.50    
   205.000    	 0.53639    	  7.7946    	  779.46    	  917.30    	  242.20    	  115.56    	  1865.8    	  16.300    	  15.034    	  1.6200    	  1.2040    	 0.59836    	  2.4692    	 0.59836    	  1.4423    	  1.0000    	  293.24    	 0.24355    	  2005.0    	  2.3000    	  368.90    
   206.000    	 0.51261    	  7.8567    	  785.67    	  917.30    	  242.20    	  115.56    	  1882.1    	  17.900    	  10.368    	  1.8200    	  1.2040    	 0.38862    	  1.7698    	 0.38862    	  1.0344    	  1.0000    	  293.36    	 0.24366    	  2005.0    	  10.900    	  371.20    
   207.000    	 0.48715    	  7.8979    	  789.79    	  917.30    	  242.20    	  115.56    	  1900.0    	  15.800    	  11.059    	  1.4000    	  1.2040    	 0.33492    	  1.6634    	 0.33492    	  1.0184    	  1.0000    	  302.71    	 0.25142    	  2005.0    	  2.0000    	  382.10    
   208.000    	 0.46636    	  7.9399    	  793.99    	  917.30    	  242.20    	  115.56    	  1915.8    	  18.900    	  8.9860    	  1.9900    	  1.2040    	 0.30114    	  1.5677    	 0.30114    	 0.96223    	  1.0000    	  303.24    	 0.25186    	  2005.0    	  8.9000    	  384.10    
   209.000    	 0.44164    	  7.9728    	  797.28    	  917.30    	  242.20    	  115.56    	  1934.7    	  22.400    	  20.131    	  2.2700    	  1.2040    	 0.75176    	  3.7442    	 0.75176    	  2.3816    	  1.0000    	  310.76    	 0.25810    	  2005.0    	  1.5000    	  393.00    
   210.000    	 0.41309    	  8.0431    	  804.31    	  917.30    	  242.20    	  115.56    	  1957.1    	  21.950    	  14.429    	  2.2000    	  1.2040    	 0.48458    	  2.6827    	 0.48458    	  1.6926    	  1.0000    	  309.01    	 0.25665    	  2005.0    	  4.5000    	  394.50    
   211.000    	 0.38699    	  8.0906    	  809.06    	  917.30    	  242.20    	  115.56    	  1979.1    	  17.400    	  14.861    	  1.6500    	  1.2040    	 0.47439    	  2.7818    	 0.47439    	  1.7734    	  1.0000    	  311.23    	 0.25850    	  2005.0    	  23.700    	  399.00    
   212.000    	 0.36842    	  8.1368    	  813.68    	  917.30    	  242.20    	  115.56    	  1996.5    	  15.050    	  7.6900    	  1.5600    	  1.2040    	 0.21407    	  1.4519    	 0.21407    	  1.0175    	  1.0000    	  332.59    	 0.27624    	  2005.0    	  8.2000    	  422.70    
   213.000    	 0.35362    	  8.1597    	  815.97    	  917.30    	  242.20    	  115.56    	  2011.5    	  14.100    	  13.133    	  1.3100    	  1.2040    	 0.35806    	  2.1308    	 0.35806    	  1.5368    	  1.0000    	  339.46    	 0.28195    	  2005.0    	  0.0000    	  430.90    
   214.000    	 0.34011    	  8.1973    	  819.73    	  917.30    	  242.20    	  115.56    	  2025.6    	  13.700    	  22.291    	  1.1600    	  1.2040    	 0.58104    	  3.6077    	 0.58104    	  2.5818    	  1.0000    	  337.57    	 0.28037    	  2005.0    	  0.0000    	  430.90    
   215.000    	 0.32739    	  8.2591    	  825.91    	  917.30    	  242.20    	  115.56    	  2039.3    	  15.050    	  15.638    	  1.4400    	  1.2040    	 0.38332    	  2.7295    	 0.38332    	  1.9277    	  1.0000    	  334.41    	 0.27775    	  2005.0    	  3.1000    	  430.90    
   216.000    	 0.31424    	  8.3009    	  830.09    	  917.30    	  242.20    	  115.56    	  2054.4    	  16.150    	  23.242    	  1.3430    	  1.2040    	 0.64954    	  4.3447    	 0.64954    	  3.0775    	  1.0000    	  335.11    	 0.27833    	  2005.0    	  0.0000    	  434.00    
   217.000    	 0.30047    	  8.3608    	  836.08    	  917.30    	  242.20    	  115.56    	  2070.5    	  14.450    	  7.2580    	  1.5300    	  1.2040    	 0.15082    	  1.3219    	 0.15082    	 0.92175    	  1.0000    	  331.39    	 0.27524    	  2005.0    	  7.8000    	  434.00    
   218.000    	 0.28878    	  8.3788    	  837.88    	  917.30    	  242.20    	  115.56    	  2085.0    	  13.500    	  14.256    	  1.3500    	  1.2040    	 0.29933    	  2.4686    	 0.29933    	  1.7700    	  1.0000    	  338.04    	 0.28076    	  2005.0    	  4.8000    	  441.80    




*----------------------------------------------------------------------------
* Output from rerun set:    3
* Output table format  : Spreadsheet output
* Simulation results
* LINTUL2
 
TIME	LAI	WSOTHA	WSO	WST	WLV	WRT	TSUM	DAVTMP	DTR	VP	ROOTD	PTRAN	PEVAP	TRAN	EVAP	TRANRF	WA	WC	YEAR	RAIN	TRAIN
 
   30.0000    	  0.0000    	  0.0000    	  0.0000    	  0.0000    	 0.54545    	  0.0000    	  0.0000    	 -1.9000    	  6.2700    	 0.38000    	 0.10000    	  0.0000    	 0.48756    	  0.0000    	 0.48756    	  0.0000    	  36.000    	 0.36000    	  1999.0    	  0.0000    	  0.0000    
   31.0000    	  0.0000    	  0.0000    	  0.0000    	  0.0000    	 0.54545    	  0.0000    	  0.0000    	 0.55000    	  4.5600    	 0.50000    	 0.10000    	  0.0000    	 0.35691    	  0.0000    	 0.35070    	  0.0000    	  35.512    	 0.35512    	  1999.0    	  0.0000    	  0.0000    
   32.0000    	  0.0000    	  0.0000    	  0.0000    	  0.0000    	 0.54545    	  0.0000    	  0.0000    	  4.8000    	  1.4400    	 0.81000    	 0.10000    	  0.0000    	 0.18979    	  0.0000    	 0.18411    	  0.0000    	  35.162    	 0.35162    	  1999.0    	 0.20000    	  0.0000    
   33.0000    	 1.20000E-02	  0.0000    	  0.0000    	  0.0000    	 0.54545    	  0.0000    	  4.8000    	  4.4500    	  1.4900    	 0.81000    	 0.11200    	 1.14827E-03	 0.21968    	 1.14827E-03	 0.21392    	  1.0000    	  39.498    	 0.35266    	  1999.0    	  0.0000    	 0.20000    
   34.0000    	 1.24904E-02	  0.0000    	  0.0000    	 2.72581E-03	 0.55075    	 8.01709E-03	  9.2500    	  5.8500    	  2.1600    	 0.89000    	 0.12400    	 5.45073E-04	 0.38000    	 5.45073E-04	 0.36865    	  1.0000    	  43.603    	 0.35163    	  1999.0    	 0.20000    	 0.20000    
   35.0000    	 1.31656E-02	  0.0000    	  0.0000    	 6.83819E-03	 0.55873    	 2.01123E-02	  15.100    	  8.4000    	  1.6100    	 0.96000    	 0.13600    	 2.31718E-03	 0.63522    	 2.31718E-03	 0.61504    	  1.0000    	  47.750    	 0.35110    	  1999.0    	  1.1000    	 0.40000    
   36.0000    	 1.41995E-02	  0.0000    	  0.0000    	 1.00685E-02	 0.56500    	 2.96132E-02	  23.500    	  4.3000    	  4.4400    	 0.63000    	 0.14800    	 6.41347E-03	  1.2348    	 6.41347E-03	  1.2130    	  1.0000    	  52.550    	 0.35506    	  1999.0    	  5.3000    	  1.5000    
   37.0000    	 1.47598E-02	  0.0000    	  0.0000    	 1.96735E-02	 0.58364    	 5.78634E-02	  27.800    	  3.2500    	  4.8900    	 0.64000    	 0.16000    	 3.64661E-03	 0.83228    	 3.64661E-03	 0.83228    	  1.0000    	  57.600    	 0.36000    	  1999.0    	  4.4000    	  6.8000    
   38.0000    	 1.51979E-02	  0.0000    	  0.0000    	 3.06676E-02	 0.60499    	 9.01989E-02	  31.050    	  1.7000    	  4.8400    	 0.60000    	 0.17200    	 3.88646E-03	 0.84369    	 3.88646E-03	 0.84369    	  1.0000    	  61.920    	 0.36000    	  1999.0    	  2.7000    	  11.200    
   39.0000    	 1.54322E-02	  0.0000    	  0.0000    	 4.18708E-02	 0.62673    	 0.12315    	  32.750    	 -1.8500    	  5.3300    	 0.54000    	 0.18400    	 2.61030E-03	 0.66769    	 2.61030E-03	 0.66769    	  1.0000    	  66.240    	 0.36000    	  1999.0    	  2.4000    	  13.900    
   40.0000    	 1.54322E-02	  0.0000    	  0.0000    	 5.43976E-02	 0.65105    	 0.15999    	  32.750    	 -1.9500    	  3.3500    	 0.50000    	 0.19600    	 6.62534E-04	 0.38568    	 6.62534E-04	 0.38568    	  1.0000    	  70.560    	 0.36000    	  1999.0    	 0.10000    	  16.300    
   41.0000    	 1.54322E-02	  0.0000    	  0.0000    	 6.22709E-02	 0.66633    	 0.18315    	  32.750    	-0.40000    	  6.7100    	 0.54000    	 0.20800    	 4.18799E-03	 0.89869    	 4.18799E-03	 0.89421    	  1.0000    	  74.590    	 0.35860    	  1999.0    	 0.30000    	  16.400    
   42.0000    	 1.54322E-02	  0.0000    	  0.0000    	 7.80410E-02	 0.69695    	 0.22953    	  32.750    	 -1.7000    	  6.6800    	 0.46000    	 0.22000    	 4.96803E-03	 0.74435    	 4.96803E-03	 0.73357    	  1.0000    	  78.308    	 0.35594    	  1999.0    	  0.0000    	  16.700    
   43.0000    	 1.54322E-02	  0.0000    	  0.0000    	 9.37405E-02	 0.72742    	 0.27571    	  32.750    	 -2.8000    	  5.9900    	 0.38000    	 0.23200    	 3.61385E-03	 0.55474    	 3.61385E-03	 0.54081    	  1.0000    	  81.889    	 0.35297    	  1999.0    	  0.0000    	  16.700    
   44.0000    	 1.54322E-02	  0.0000    	  0.0000    	 0.10782    	 0.75475    	 0.31711    	  32.750    	 -3.2000    	  8.4900    	 0.36000    	 0.24400    	 5.46830E-03	 0.82884    	 5.46830E-03	 0.80244    	  1.0000    	  85.665    	 0.35108    	  1999.0    	  0.0000    	  16.700    
   45.0000    	 1.54322E-02	  0.0000    	  0.0000    	 0.12777    	 0.79348    	 0.37580    	  32.750    	 -4.4500    	  4.9300    	 0.42000    	 0.25600    	 1.82851E-03	 0.55264    	 1.82851E-03	 0.52963    	  1.0000    	  89.177    	 0.34835    	  1999.0    	 0.90000    	  16.700    
   46.0000    	 1.54322E-02	  0.0000    	  0.0000    	 0.13936    	 0.81597    	 0.40988    	  32.750    	 0.50000    	  2.3500    	 0.60000    	 0.26800    	 5.55684E-04	 0.36030    	 5.55684E-04	 0.34772    	  1.0000    	  93.861    	 0.35023    	  1999.0    	  2.2000    	  17.600    
   47.0000    	 1.55018E-02	  0.0000    	  0.0000    	 0.14488    	 0.82670    	 0.42612    	  33.250    	  4.2500    	  6.7900    	 0.66000    	 0.28000    	 9.18319E-03	  1.5597    	 9.18319E-03	  1.5444    	  1.0000    	  100.03    	 0.35725    	  1999.0    	  3.5000    	  19.800    
   48.0000    	 1.61062E-02	  0.0000    	  0.0000    	 0.16091    	 0.85781    	 0.47327    	  37.500    	  2.4000    	  7.7800    	 0.53000    	 0.29200    	 8.77598E-03	  1.4746    	 8.77598E-03	  1.4746    	  1.0000    	  105.12    	 0.36000    	  1999.0    	  2.5000    	  23.300    
   49.0000    	 1.64579E-02	  0.0000    	  0.0000    	 0.17999    	 0.89485    	 0.52939    	  39.900    	  3.4500    	  3.6000    	 0.70000    	 0.30400    	 1.41831E-03	 0.48793    	 1.41831E-03	 0.48793    	  1.0000    	  109.44    	 0.36000    	  1999.0    	 0.20000    	  25.800    
   50.0000    	 1.69770E-02	  0.0000    	  0.0000    	 0.18901    	 0.91236    	 0.55592    	  43.350    	  7.2000    	  1.2400    	  1.0100    	 0.31600    	  0.0000    	 0.22584    	  0.0000    	 0.22509    	  0.0000    	  113.47    	 0.35907    	  1999.0    	  4.8000    	  26.000    
   51.0000    	 1.69770E-02	  0.0000    	  0.0000    	 0.18901    	 0.91236    	 0.55592    	  50.550    	  5.3000    	  6.4300    	 0.75000    	 0.32800    	 7.74931E-03	  1.0368    	 7.74931E-03	  1.0368    	  1.0000    	  118.08    	 0.36000    	  1999.0    	  0.0000    	  30.800    
   52.0000    	 1.78064E-02	  0.0000    	  0.0000    	 0.20563    	 0.94462    	 0.60479    	  55.850    	  5.0500    	  2.0000    	 0.77000    	 0.34000    	 1.97037E-03	 0.50863    	 1.97037E-03	 0.50305    	  1.0000    	  121.36    	 0.35693    	  1999.0    	  7.2000    	  30.800    
   53.0000    	 1.86343E-02	  0.0000    	  0.0000    	 0.21105    	 0.95514    	 0.62073    	  60.900    	  2.5000    	  3.3400    	 0.62000    	 0.35200    	 3.89714E-03	 0.72552    	 3.89714E-03	 0.72552    	  1.0000    	  126.72    	 0.36000    	  1999.0    	  8.8000    	  38.000    
   54.0000    	 1.90584E-02	  0.0000    	  0.0000    	 0.22052    	 0.97352    	 0.64858    	  63.400    	  3.8000    	  7.3500    	 0.66000    	 0.36400    	 8.80513E-03	  1.3073    	 8.80513E-03	  1.3073    	  1.0000    	  131.04    	 0.36000    	  1999.0    	  3.2000    	  46.800    
   55.0000    	 1.97214E-02	  0.0000    	  0.0000    	 0.24183    	  1.0149    	 0.71126    	  67.200    	  2.3000    	  8.7800    	 0.57000    	 0.37600    	 9.81133E-03	  1.1475    	 9.81133E-03	  1.1475    	  1.0000    	  135.36    	 0.36000    	  1999.0    	  0.0000    	  50.000    
   56.0000    	 2.01339E-02	  0.0000    	  0.0000    	 0.26816    	  1.0660    	 0.78872    	  69.500    	  1.7500    	  6.5800    	 0.60000    	 0.38800    	 8.95164E-03	  1.0004    	 8.95164E-03	 0.98974    	  1.0000    	  138.52    	 0.35702    	  1999.0    	  0.0000    	  50.000    
   57.0000    	 2.04536E-02	  0.0000    	  0.0000    	 0.28831    	  1.1051    	 0.84798    	  71.250    	  6.3500    	  2.1100    	 0.87000    	 0.40000    	 1.28660E-03	 0.41715    	 1.28660E-03	 0.40912    	  1.0000    	  141.84    	 0.35461    	  1999.0    	 0.50000    	  50.000    
   58.0000    	 2.16565E-02	  0.0000    	  0.0000    	 0.29487    	  1.1179    	 0.86728    	  77.600    	  5.9000    	  2.1200    	 0.84000    	 0.41200    	 1.41897E-03	 0.42182    	 1.41897E-03	 0.41424    	  1.0000    	  146.25    	 0.35497    	  1999.0    	  1.4000    	  50.500    
   59.0000    	 2.28376E-02	  0.0000    	  0.0000    	 0.30185    	  1.1314    	 0.88780    	  83.500    	  6.5500    	  8.5200    	 0.78000    	 0.42400    	 1.65696E-02	  1.8669    	 1.65696E-02	  1.8497    	  1.0000    	  151.55    	 0.35742    	  1999.0    	 0.50000    	  51.900    
   60.0000    	 2.42243E-02	  0.0000    	  0.0000    	 0.33142    	  1.1888    	 0.97477    	  90.050    	  8.3000    	  1.1100    	  1.0300    	 0.43600    	 8.86943E-04	 0.34533    	 8.86943E-04	 0.33836    	  1.0000    	  154.50    	 0.35435    	  1999.0    	  21.800    	  52.400    
   61.0000    	 2.61032E-02	  0.0000    	  0.0000    	 0.33550    	  1.1967    	 0.98678    	  98.350    	  9.3500    	  1.5500    	  1.0800    	 0.44800    	 1.19637E-03	 0.37400    	 1.19637E-03	 0.37400    	  1.0000    	  161.28    	 0.36000    	  1999.0    	  18.100    	  74.200    
   62.0000    	 2.83948E-02	  0.0000    	  0.0000    	 0.34165    	  1.2087    	  1.0048    	  107.70    	  8.9000    	  6.4200    	 0.82000    	 0.46000    	 2.23468E-02	  1.7041    	 2.23468E-02	  1.7041    	  1.0000    	  165.60    	 0.36000    	  1999.0    	  0.0000    	  92.300    
   63.0000    	 3.07628E-02	  0.0000    	  0.0000    	 0.36930    	  1.2623    	  1.0862    	  116.60    	  7.0500    	  3.6200    	 0.78000    	 0.47200    	 5.56881E-03	 0.68276    	 5.56881E-03	 0.67384    	  1.0000    	  168.19    	 0.35634    	  1999.0    	  2.0000    	  92.300    
   64.0000    	 3.27780E-02	  0.0000    	  0.0000    	 0.38630    	  1.2956    	  1.1352    	  123.65    	  6.5000    	  6.2500    	 0.80000    	 0.48400    	 1.03650E-02	  1.0031    	 1.03650E-02	  1.0001    	  1.0000    	  173.83    	 0.35915    	  1999.0    	  1.1000    	  94.300    
   65.0000    	 3.47527E-02	  0.0000    	  0.0000    	 0.41779    	  1.3578    	  1.2241    	  130.15    	  5.1000    	  3.4400    	 0.74000    	 0.49600    	 6.33025E-03	 0.67631    	 6.33025E-03	 0.67469    	  1.0000    	  178.23    	 0.35933    	  1999.0    	  1.9000    	  95.400    
   66.0000    	 3.63850E-02	  0.0000    	  0.0000    	 0.43629    	  1.3947    	  1.2752    	  135.25    	  3.3500    	  2.7700    	 0.69000    	 0.50800    	 4.91605E-03	 0.56661    	 4.91605E-03	 0.56661    	  1.0000    	  182.88    	 0.36000    	  1999.0    	  1.6000    	  97.300    
   67.0000    	 3.74987E-02	  0.0000    	  0.0000    	 0.45195    	  1.4261    	  1.3179    	  138.60    	  5.0500    	  3.0000    	 0.75000    	 0.52000    	 3.67368E-03	 0.50031    	 3.67368E-03	 0.50031    	  1.0000    	  187.20    	 0.36000    	  1999.0    	  5.5000    	  98.900    
   68.0000    	 3.92423E-02	  0.0000    	  0.0000    	 0.46949    	  1.4614    	  1.3652    	  143.65    	  4.5500    	  1.4800    	 0.79000    	 0.53200    	  0.0000    	 0.18554    	  0.0000    	 0.18554    	  0.0000    	  191.52    	 0.36000    	  1999.0    	  1.2000    	  104.40    
   69.0000    	 3.92423E-02	  0.0000    	  0.0000    	 0.46949    	  1.4614    	  1.3652    	  148.20    	  3.0000    	  5.0700    	 0.73000    	 0.54400    	 7.90341E-03	 0.73870    	 7.90341E-03	 0.73870    	  1.0000    	  195.84    	 0.36000    	  1999.0    	 0.60000    	  105.60    
   70.0000    	 4.03163E-02	  0.0000    	  0.0000    	 0.50081    	  1.5251    	  1.4471    	  151.20    	  1.9000    	  13.290    	 0.57000    	 0.55600    	 3.51397E-02	  1.9582    	 3.51397E-02	  1.9562    	  1.0000    	  200.00    	 0.35972    	  1999.0    	  0.0000    	  106.20    
   71.0000    	 4.10117E-02	  0.0000    	  0.0000    	 0.58537    	  1.6978    	  1.6663    	  153.10    	  8.5000    	  12.130    	 0.79000    	 0.56800    	 4.38864E-02	  2.3805    	 4.38864E-02	  2.3484    	  1.0000    	  202.33    	 0.35622    	  1999.0    	  0.0000    	  106.20    
   72.0000    	 4.42722E-02	  0.0000    	  0.0000    	 0.66402    	  1.8587    	  1.8689    	  161.60    	  11.050    	  10.970    	  1.0100    	 0.58000    	 3.65027E-02	  1.8842    	 3.65027E-02	  1.8316    	  1.0000    	  204.26    	 0.35217    	  1999.0    	  0.0000    	  106.20    
   73.0000    	 4.89014E-02	  0.0000    	  0.0000    	 0.74139    	  2.0186    	  2.0630    	  172.65    	  7.0000    	  12.900    	 0.93000    	 0.59200    	 4.68746E-02	  2.1597    	 4.68746E-02	  2.0762    	  1.0000    	  206.71    	 0.34918    	  1999.0    	  0.0000    	  106.20    
   74.0000    	 5.20813E-02	  0.0000    	  0.0000    	 0.84288    	  2.2309    	  2.3088    	  179.65    	  6.2500    	  10.360    	 0.69000    	 0.60400    	 2.91457E-02	  1.3131    	 2.91457E-02	  1.2469    	  1.0000    	  208.91    	 0.34588    	  1999.0    	  0.0000    	  106.20    
   75.0000    	 5.50949E-02	  0.0000    	  0.0000    	 0.93021    	  2.4149    	  2.5155    	  185.90    	  4.2500    	  12.150    	 0.64000    	 0.61600    	 4.35064E-02	  1.7866    	 4.35064E-02	  1.6850    	  1.0000    	  211.95    	 0.34408    	  1999.0    	  0.0000    	  106.20    
   76.0000    	 5.72431E-02	  0.0000    	  0.0000    	  1.0391    	  2.6459    	  2.7682    	  190.15    	  7.5500    	  10.200    	 0.73000    	 0.62800    	 2.86336E-02	  1.4454    	 2.86336E-02	  1.3506    	  1.0000    	  214.54    	 0.34163    	  1999.0    	 0.10000    	  106.20    
   77.0000    	 6.12679E-02	  0.0000    	  0.0000    	  1.1345    	  2.8490    	  2.9864    	  197.70    	  6.9000    	  8.0100    	 0.79000    	 0.64000    	 2.69087E-02	  1.2748    	 2.69087E-02	  1.1835    	  1.0000    	  217.57    	 0.33995    	  1999.0    	  4.1000    	  106.30    
   78.0000    	 6.51933E-02	  0.0000    	  0.0000    	  1.2151    	  3.0220    	  3.1663    	  204.60    	  5.0500    	  6.0200    	 0.72000    	 0.65200    	 1.88959E-02	 0.93209    	 1.88959E-02	 0.88126    	  1.0000    	  224.76    	 0.34473    	  1999.0    	 0.20000    	  110.40    
   79.0000    	 6.82247E-02	  0.0000    	  0.0000    	  1.2800    	  3.1622    	  3.3077    	  209.65    	  5.1000    	  4.5700    	 0.78000    	 0.66400    	 1.32033E-02	 0.71421    	 1.32033E-02	 0.67321    	  1.0000    	  228.37    	 0.34393    	  1999.0    	 0.10000    	  110.60    
   80.0000    	 7.14292E-02	  0.0000    	  0.0000    	  1.3317    	  3.2745    	  3.4186    	  214.75    	  6.2500    	  2.2600    	 0.85000    	 0.67600    	 5.89535E-03	 0.45273    	 5.89535E-03	 0.42576    	  1.0000    	  232.09    	 0.34332    	  1999.0    	  3.9000    	  110.70    
   81.0000    	 7.55623E-02	  0.0000    	  0.0000    	  1.3586    	  3.3332    	  3.4753    	  221.00    	  5.4000    	  5.5400    	 0.74000    	 0.68800    	 2.24686E-02	 0.93611    	 2.24686E-02	 0.89809    	  1.0000    	  239.86    	 0.34863    	  1999.0    	  3.5000    	  114.60    
   82.0000    	 7.93253E-02	  0.0000    	  0.0000    	  1.4286    	  3.4869    	  3.6198    	  226.40    	  6.6000    	  2.8800    	 0.97000    	 0.70000    	 7.68371E-03	 0.49275    	 7.68371E-03	 0.47952    	  1.0000    	  246.74    	 0.35248    	  1999.0    	  3.6000    	  118.10    
   83.0000    	 8.41800E-02	  0.0000    	  0.0000    	  1.4670    	  3.5716    	  3.6976    	  233.00    	  6.9000    	  4.7100    	 0.88000    	 0.71200    	 3.15767E-02	 0.82964    	 3.15767E-02	 0.82061    	  1.0000    	  254.15    	 0.35695    	  1999.0    	  0.0000    	  121.70    
   84.0000    	 8.95733E-02	  0.0000    	  0.0000    	  1.5339    	  3.7201    	  3.8301    	  239.90    	  10.500    	  14.110    	 0.93000    	 0.72400    	 0.10665    	  2.6425    	 0.10665    	  2.6031    	  1.0000    	  257.62    	 0.35582    	  1999.0    	  0.0000    	  121.70    
   85.0000    	 9.84508E-02	  0.0000    	  0.0000    	  1.7484    	  4.1990    	  4.2443    	  250.40    	  10.350    	  7.3200    	  1.0600    	 0.73600    	 4.62697E-02	  1.3226    	 4.62697E-02	  1.2858    	  1.0000    	  259.23    	 0.35221    	  1999.0    	  3.2000    	  121.70    
   86.0000    	 0.10806    	  0.0000    	  0.0000    	  1.8715    	  4.4765    	  4.4734    	  260.75    	  7.2000    	  12.600    	 0.78000    	 0.74800    	 8.88691E-02	  1.8544    	 8.88691E-02	  1.8200    	  1.0000    	  265.39    	 0.35480    	  1999.0    	  0.0000    	  124.90    
   87.0000    	 0.11530    	  0.0000    	  0.0000    	  2.1057    	  5.0089    	  4.8933    	  267.95    	  6.6500    	  16.930    	 0.74000    	 0.76000    	 0.13146    	  2.5493    	 0.13146    	  2.4799    	  1.0000    	  267.80    	 0.35237    	  1999.0    	  0.0000    	  124.90    
   88.0000    	 0.12241    	  0.0000    	  0.0000    	  2.4431    	  5.7803    	  5.4820    	  274.60    	  8.6500    	  17.130    	 0.69000    	 0.77200    	 0.14885    	  2.7153    	 0.14885    	  2.6097    	  1.0000    	  269.51    	 0.34911    	  1999.0    	  0.0000    	  124.90    
   89.0000    	 0.13232    	  0.0000    	  0.0000    	  2.8068    	  6.6167    	  6.1013    	  283.25    	  12.000    	  11.090    	  1.0500    	 0.78400    	 0.11142    	  1.8801    	 0.11142    	  1.7844    	  1.0000    	  271.07    	 0.34575    	  1999.0    	  0.0000    	  124.90    
   90.0000    	 0.14741    	  0.0000    	  0.0000    	  3.0697    	  7.2000    	  6.5248    	  295.25    	  12.650    	  15.970    	  1.0900    	 0.79600    	 0.18254    	  2.7510    	 0.18254    	  2.5897    	  1.0000    	  273.50    	 0.34359    	  1999.0    	  0.0000    	  124.90    
   91.0000    	 0.16518    	  0.0000    	  0.0000    	  3.5105    	  8.1298    	  7.1819    	  307.90    	  14.600    	  16.460    	 0.86000    	 0.80800    	 0.26635    	  3.4827    	 0.26635    	  3.2389    	  1.0000    	  275.04    	 0.34040    	  1999.0    	  0.0000    	  124.90    
   92.0000    	 0.18838    	  0.0000    	  0.0000    	  4.0421    	  9.1960    	  7.9138    	  322.50    	  13.550    	  17.730    	 0.91000    	 0.82000    	 0.28564    	  3.2968    	 0.28564    	  3.0190    	  1.0000    	  275.86    	 0.33641    	  1999.0    	  0.0000    	  124.90    
   93.0000    	 0.21281    	  0.0000    	  0.0000    	  4.7263    	  10.494    	  8.7741    	  336.05    	  11.750    	  7.0600    	  1.2000    	 0.83200    	 8.45616E-02	  1.1427    	 8.45616E-02	  1.0316    	  1.0000    	  276.87    	 0.33278    	  1999.0    	  7.7000    	  124.90    
   94.0000    	 0.22554    	  0.0000    	  0.0000    	  5.0466    	  11.072    	  9.1448    	  347.80    	  8.2000    	  8.4700    	  1.0900    	 0.84400    	 0.14761    	  1.4020    	 0.14761    	  1.3064    	  1.0000    	  287.72    	 0.34091    	  1999.0    	  0.0000    	  132.60    
   95.0000    	 0.24163    	  0.0000    	  0.0000    	  5.4685    	  11.804    	  9.5996    	  356.00    	  9.5000    	  3.5100    	  1.2700    	 0.85600    	 1.21570E-02	 0.40042    	 1.21570E-02	 0.37106    	  1.0000    	  290.59    	 0.33947    	  1999.0    	  1.3000    	  132.60    
   96.0000    	 0.24873    	  0.0000    	  0.0000    	  5.6600    	  12.126    	  9.7959    	  365.50    	  13.050    	  8.0700    	  1.2500    	 0.86800    	 0.16291    	  1.6417    	 0.16291    	  1.5288    	  1.0000    	  295.77    	 0.34074    	  1999.0    	 0.90000    	  133.90    
   97.0000    	 0.26547    	  0.0000    	  0.0000    	  6.1258    	  12.887    	  10.247    	  378.55    	  9.1500    	  9.5500    	  1.0100    	 0.88000    	 0.17544    	  1.6576    	 0.17544    	  1.5394    	  1.0000    	  299.23    	 0.34004    	  1999.0    	 0.80000    	  134.80    
   98.0000    	 0.28647    	  0.0000    	  0.0000    	  6.7349    	  13.842    	  10.793    	  387.70    	  7.1500    	  7.7100    	 0.91000    	 0.89200    	 0.15288    	  1.1345    	 0.15288    	  1.0502    	  1.0000    	  302.57    	 0.33921    	  1999.0    	  0.0000    	  135.60    
   99.0000    	 0.30463    	  0.0000    	  0.0000    	  7.2766    	  14.667    	  11.252    	  394.85    	  8.3500    	  6.6300    	  1.0900    	 0.90400    	 0.11469    	  1.0536    	 0.11469    	 0.97136    	  1.0000    	  305.69    	 0.33815    	  1999.0    	 0.20000    	  135.60    
   100.000    	 0.32113    	  0.0000    	  0.0000    	  7.7795    	  15.417    	  11.660    	  403.20    	  10.750    	  4.8400    	  1.1400    	 0.91600    	 9.38385E-02	 0.86584    	 9.38385E-02	 0.79591    	  1.0000    	  309.05    	 0.33739    	  1999.0    	  4.0000    	  135.80    
   101.000    	 0.33375    	  0.0000    	  0.0000    	  8.1738    	  15.991    	  11.965    	  413.95    	  8.5500    	  14.470    	 0.84000    	 0.92800    	 0.38602    	  2.3961    	 0.38602    	  2.2331    	  1.0000    	  316.40    	 0.34094    	  1999.0    	  0.0000    	  139.80    
   102.000    	 0.37275    	  0.0000    	  0.0000    	  9.4307    	  17.764    	  12.874    	  422.50    	  9.0000    	  9.6500    	 0.90000    	 0.94000    	 0.26793    	  1.7144    	 0.26793    	  1.5821    	  1.0000    	  318.10    	 0.33840    	  1999.0    	  9.8000    	  139.80    
   103.000    	 0.40144    	  0.0000    	  0.0000    	  10.378    	  19.068    	  13.524    	  431.50    	  4.7500    	  12.730    	 0.73000    	 0.95200    	 0.31150    	  1.8322    	 0.31150    	  1.7466    	  1.0000    	  330.27    	 0.34693    	  1999.0    	  8.8000    	  149.60    
   104.000    	 0.44180    	  0.0000    	  0.0000    	  11.743    	  20.902    	  14.411    	  436.25    	  4.3500    	  13.510    	 0.63000    	 0.96400    	 0.30598    	  1.6717    	 0.30598    	  1.6358    	  1.0000    	  341.24    	 0.35398    	  1999.0    	  1.8000    	  158.40    
   105.000    	 0.48835    	  0.0000    	  0.0000    	  13.339    	  23.018    	  15.418    	  440.60    	  4.4500    	  15.620    	 0.63000    	 0.97600    	 0.39425    	  1.8848    	 0.39425    	  1.8430    	  1.0000    	  345.30    	 0.35379    	  1999.0    	 0.40000    	  160.20    
   106.000    	 0.54703    	  0.0000    	  0.0000    	  15.374    	  25.686    	  16.667    	  445.05    	  4.9500    	  14.140    	 0.66000    	 0.98800    	 0.44063    	  1.6139    	 0.44063    	  1.5671    	  1.0000    	  347.66    	 0.35189    	  1999.0    	  0.0000    	  160.60    
   107.000    	 0.60550    	  0.0000    	  0.0000    	  17.426    	  28.343    	  17.892    	  450.00    	  3.9500    	  13.450    	 0.67000    	  1.0000    	 0.37218    	  1.4572    	 0.37218    	  1.4050    	  1.0000    	  349.98    	 0.34998    	  1999.0    	  5.6000    	  160.60    
   108.000    	 0.66600    	  0.0000    	  0.0000    	  19.577    	  31.093    	  19.136    	  453.95    	  4.9000    	  12.380    	 0.66000    	  1.0120    	 0.35127    	  1.2752    	 0.35127    	  1.2466    	  1.0000    	  357.97    	 0.35372    	  1999.0    	 0.40000    	  166.20    
   109.000    	 0.72619    	  0.0000    	  0.0000    	  21.739    	  33.829    	  20.356    	  458.85    	  4.8500    	  16.780    	 0.60000    	  1.0240    	 0.59722    	  1.5948    	 0.59722    	  1.5518    	  1.0000    	  360.92    	 0.35246    	  1999.0    	  0.0000    	  166.60    
   110.000    	 0.81359    	  0.0000    	  0.0000    	  24.918    	  37.802    	  22.094    	  463.70    	  8.7000    	  18.780    	 0.73000    	  1.0360    	  1.0585    	  2.5885    	  1.0585    	  2.5004    	  1.0000    	  363.09    	 0.35048    	  1999.0    	  1.7000    	  166.60    
   111.000    	 0.92047    	  0.0000    	  0.0000    	  28.854    	  42.660    	  24.180    	  472.40    	  13.300    	  17.830    	  1.0900    	  1.0480    	  1.1128    	  2.3815    	  1.1128    	  2.2847    	  1.0000    	  365.35    	 0.34862    	  1999.0    	  5.0000    	  168.30    
   112.000    	  1.0318    	  0.0000    	  0.0000    	  33.044    	  47.721    	  26.279    	  485.70    	  10.650    	  9.6400    	  1.0800    	  1.0600    	 0.56030    	  1.1555    	 0.56030    	  1.1144    	  1.0000    	  371.04    	 0.35004    	  1999.0    	  7.6000    	  173.30    
   113.000    	  1.0971    	  0.0000    	  0.0000    	  35.584    	  50.691    	  27.443    	  496.35    	  11.200    	  18.260    	 0.95000    	  1.0720    	  1.2171    	  1.9157    	  1.2171    	  1.8845    	  1.0000    	  381.03    	 0.35544    	  1999.0    	  0.0000    	  180.90    
   114.000    	  1.2262    	  0.0000    	  0.0000    	  40.732    	  56.558    	  29.637    	  507.55    	  12.200    	  11.360    	  1.0800    	  1.0840    	 0.86615    	  1.1731    	 0.86615    	  1.1423    	  1.0000    	  382.25    	 0.35263    	  1999.0    	  0.0000    	  180.90    
   115.000    	  1.3128    	  0.0000    	  0.0000    	  44.276    	  60.493    	  31.033    	  519.75    	  11.400    	  18.060    	 0.98000    	  1.0960    	  1.3733    	  1.7033    	  1.3733    	  1.6478    	  1.0000    	  384.56    	 0.35088    	  1999.0    	  0.0000    	  180.90    
   116.000    	  1.4566    	  0.0000    	  0.0000    	  50.327    	  67.028    	  33.214    	  531.15    	  15.750    	  22.280    	  1.1400    	  1.1080    	  2.3268    	  2.4545    	  2.3268    	  2.3515    	  1.0000    	  385.86    	 0.34825    	  1999.0    	  0.0000    	  180.90    
   117.000    	  1.6458    	  0.0000    	  0.0000    	  58.498    	  75.629    	  35.916    	  546.90    	  14.250    	  20.130    	  1.0500    	  1.1200    	  2.1655    	  1.9209    	  2.1655    	  1.8125    	  1.0000    	  385.50    	 0.34420    	  1999.0    	  0.0000    	  180.90    
   118.000    	  1.8294    	  0.0000    	  0.0000    	  66.703    	  83.977    	  38.310    	  561.15    	  13.500    	  20.130    	 0.92000    	  1.1320    	  2.0042    	  1.5417    	  2.0042    	  1.4363    	  1.0000    	  385.84    	 0.34085    	  1999.0    	  0.0000    	  180.90    
   119.000    	  2.0206    	  0.0000    	  0.0000    	  75.748    	  92.665    	  40.697    	  574.65    	  11.150    	  21.630    	 0.79000    	  1.1440    	  2.2420    	  1.4702    	  2.2420    	  1.3550    	  1.0000    	  386.72    	 0.33805    	  1999.0    	  0.0000    	  180.90    
   120.000    	  2.2281    	  0.0000    	  0.0000    	  86.474    	  102.10    	  43.332    	  585.80    	  9.8500    	  25.260    	 0.74000    	  1.1560    	  2.4591    	  1.3914    	  2.4591    	  1.2679    	  1.0000    	  387.45    	 0.33516    	  1999.0    	  0.0000    	  180.90    
   121.000    	  2.4733    	  0.0000    	  0.0000    	  100.10    	  113.24    	  46.494    	  595.65    	  9.6500    	  19.780    	 0.94000    	  1.1680    	  2.1816    	  1.0234    	  2.1816    	 0.92191    	  1.0000    	  388.04    	 0.33223    	  1999.0    	  0.0000    	  180.90    
   122.000    	  2.6680    	  0.0000    	  0.0000    	  111.65    	  122.09    	  49.040    	  605.30    	  12.100    	  23.260    	 0.81000    	  1.1800    	  2.6168    	  1.0844    	  2.6168    	 0.96773    	  1.0000    	  389.26    	 0.32988    	  1999.0    	  0.0000    	  180.90    
   123.000    	  2.8965    	  0.0000    	  0.0000    	  126.08    	  132.48    	  52.070    	  617.40    	  11.400    	  24.340    	 0.79000    	  1.1920    	  2.9983    	  1.0572    	  2.9983    	 0.93327    	  1.0000    	  389.99    	 0.32717    	  1999.0    	  0.0000    	  180.90    
   124.000    	  3.1327    	  0.0000    	  0.0000    	  142.24    	  143.22    	  55.264    	  628.80    	  13.100    	  21.450    	 0.67000    	  1.2040    	  3.7623    	  1.1041    	  3.7623    	 0.96308    	  1.0000    	  390.38    	 0.32424    	  1999.0    	  0.0000    	  180.90    
   125.000    	  3.3376    	  0.0000    	  0.0000    	  157.37    	  152.53    	  58.088    	  641.90    	  13.500    	  7.1600    	 0.95000    	  1.2040    	 0.94127    	 0.34931    	 0.94127    	 0.29980    	  1.0000    	  385.65    	 0.32031    	  1999.0    	  11.600    	  180.90    
   126.000    	  3.4038    	  0.0000    	  0.0000    	  162.71    	  155.54    	  59.024    	  655.40    	  11.800    	  5.2200    	  1.2600    	  1.2040    	 0.32774    	 0.19087    	 0.32774    	 0.16921    	  1.0000    	  395.18    	 0.32822    	  1999.0    	  7.2000    	  192.50    
   127.000    	  3.4497    	  0.0000    	  0.0000    	  166.78    	  157.63    	  59.689    	  667.20    	  15.400    	  19.910    	  1.3400    	  1.2040    	  2.6502    	 0.76083    	  2.6502    	 0.68769    	  1.0000    	  401.03    	 0.33308    	  1999.0    	  5.0000    	  199.70    
   128.000    	  3.6164    	  0.0000    	  0.0000    	  182.81    	  165.20    	  62.170    	  682.60    	  14.250    	  18.240    	  1.2500    	  1.2040    	  2.9936    	 0.67302    	  2.9936    	 0.60992    	  1.0000    	  401.83    	 0.33375    	  1999.0    	 0.10000    	  204.70    
   129.000    	  3.7603    	  0.0000    	  0.0000    	  198.29    	  171.74    	  64.391    	  696.85    	  15.150    	  21.620    	  1.2000    	  1.2040    	  3.2420    	 0.66936    	  3.2420    	 0.59944    	  1.0000    	  398.23    	 0.33075    	  1999.0    	  0.0000    	  204.80    
   130.000    	  3.9206    	  0.0000    	  0.0000    	  217.47    	  179.03    	  66.960    	  712.00    	  14.400    	  9.7700    	  1.3500    	  1.2040    	 0.90434    	 0.26371    	 0.90434    	 0.23316    	  1.0000    	  394.39    	 0.32756    	  1999.0    	  3.9000    	  204.80    
   131.000    	  3.9879    	  0.0000    	  0.0000    	  226.54    	  182.09    	  68.089    	  726.40    	  13.950    	  11.830    	  1.3600    	  1.2040    	  1.2777    	 0.32074    	  1.2777    	 0.28528    	  1.0000    	  396.17    	 0.32904    	  1999.0    	  3.5000    	  208.70    
   132.000    	  4.0629    	  0.0000    	  0.0000    	  237.93    	  185.50    	  69.409    	  740.35    	  13.100    	  15.450    	  1.1600    	  1.2040    	  2.5307    	 0.43230    	  2.5307    	 0.38571    	  1.0000    	  397.11    	 0.32982    	  1999.0    	  0.0000    	  212.20    
   133.000    	  4.1507    	  0.0000    	  0.0000    	  253.34    	  189.58    	  71.076    	  753.45    	  13.100    	  11.990    	  1.1900    	  1.2040    	  1.7170    	 0.31250    	  1.7170    	 0.27612    	  1.0000    	  394.19    	 0.32740    	  1999.0    	 0.40000    	  212.20    
   134.000    	  4.2096    	  0.0000    	  0.0000    	  265.69    	  192.47    	  72.328    	  766.55    	  12.050    	  13.560    	  1.1400    	  1.2040    	  1.3434    	 0.29948    	  1.3434    	 0.26284    	  1.0000    	  392.20    	 0.32575    	  1999.0    	  4.7000    	  212.60    
   135.000    	  4.2680    	  0.0000    	  0.0000    	  280.08    	  195.42    	  73.694    	  778.60    	  9.6500    	  22.040    	 0.81000    	  1.2040    	  2.9391    	 0.45398    	  2.9391    	 0.40119    	  1.0000    	  394.24    	 0.32744    	  1999.0    	  0.0000    	  217.30    
   136.000    	  4.3547    	  0.0000    	  0.0000    	  304.11    	  199.75    	  75.839    	  788.25    	  7.5500    	  15.630    	 0.78000    	  1.2040    	  1.8576    	 0.27549    	  1.8576    	 0.24073    	  1.0000    	  390.90    	 0.32467    	  1999.0    	  0.0000    	  217.30    
   137.000    	  4.4080    	  0.0000    	  0.0000    	  321.39    	  202.70    	  77.334    	  795.80    	  13.150    	  24.340    	 0.75000    	  1.2040    	  4.6904    	 0.64861    	  4.6904    	 0.56273    	  1.0000    	  388.80    	 0.32293    	  1999.0    	  0.0000    	  217.30    
   138.000    	  4.4930    	  0.0000    	  0.0000    	  348.54    	  207.18    	  79.630    	  808.95    	  16.750    	  27.020    	 0.70000    	  1.2040    	  6.2130    	 0.81162    	  6.2130    	 0.69150    	  1.0000    	  383.55    	 0.31856    	  1999.0    	  0.0000    	  217.30    
   139.000    	  4.5805    	  0.0000    	  0.0000    	  379.11    	  211.91    	  82.116    	  825.70    	  17.200    	  21.270    	  1.0800    	  1.2040    	  3.4987    	 0.45807    	  3.4987    	 0.38090    	  1.0000    	  376.64    	 0.31283    	  1999.0    	 0.10000    	  217.30    
   140.000    	  4.6373    	  0.0000    	  0.0000    	  403.60    	  215.40    	  84.008    	  842.90    	  15.400    	  16.550    	  1.4200    	  1.2040    	  2.0278    	 0.32714    	  2.0278    	 0.26826    	  1.0000    	  372.76    	 0.30961    	  1999.0    	  13.600    	  217.40    
   141.000    	  4.6704    	  0.0000    	  0.0000    	  422.95    	  217.91    	  85.425    	  858.30    	  15.050    	  22.850    	  1.2300    	  1.2040    	  3.9476    	 0.48038    	  3.9476    	 0.40837    	  1.0000    	  382.91    	 0.31803    	  1999.0    	  0.0000    	  231.00    
   142.000    	  4.7179    	  0.0000    	  0.0000    	  450.04    	  221.14    	  87.312    	  873.35    	  11.650    	  21.750    	 0.96000    	  1.2040    	  3.2573    	 0.41019    	  3.2573    	 0.34341    	  1.0000    	  378.55    	 0.31441    	  1999.0    	 0.40000    	  231.00    
   143.000    	  4.7549    	  0.0000    	  0.0000    	  476.17    	  223.98    	  89.045    	  885.00    	  13.300    	  14.500    	  1.1800    	  1.2040    	  2.4740    	 0.28658    	  2.4740    	 0.23686    	  1.0000    	  374.95    	 0.31142    	  1999.0    	  0.0000    	  231.40    
   144.000    	  4.7670    	  0.0000    	  0.0000    	  493.77    	  225.75    	  90.166    	  898.30    	  13.950    	  9.0600    	  1.3000    	  1.2040    	  1.4797    	 0.17148    	  1.4797    	 0.14035    	  1.0000    	  372.24    	 0.30917    	  1999.0    	  0.0000    	  231.40    
   145.000    	  4.7621    	  0.0000    	  0.0000    	  504.88    	  226.77    	  90.843    	  912.25    	  11.850    	  24.570    	  1.0000    	  1.2040    	  3.7369    	 0.43542    	  3.7369    	 0.35428    	  1.0000    	  370.62    	 0.30783    	  1999.0    	  0.0000    	  231.40    
   146.000    	  4.7904    	  0.0000    	  0.0000    	  535.33    	  229.30    	  92.606    	  924.10    	  11.800    	  26.980    	 0.93000    	  1.2040    	  4.0336    	 0.46374    	  4.0336    	 0.37170    	  1.0000    	  366.53    	 0.30443    	  1999.0    	  0.0000    	  231.40    
   147.000    	  4.8180    	  0.0000    	  0.0000    	  569.10    	  231.84    	  94.479    	  935.90    	  15.950    	  27.930    	 0.97000    	  1.2040    	  4.6739    	 0.52806    	  4.6739    	 0.41636    	  1.0000    	  362.12    	 0.30077    	  1999.0    	  0.0000    	  231.40    
   148.000    	  4.8412    	  0.0000    	  0.0000    	  604.40    	  234.24    	  96.351    	  951.85    	  17.000    	  22.580    	  1.5400    	  1.2040    	  3.9551    	 0.43991    	  3.9551    	 0.34021    	  1.0000    	  357.03    	 0.29654    	  1999.0    	  0.0000    	  231.40    
   149.000    	  4.8477    	  0.0000    	  0.0000    	  633.29    	  235.92    	  97.792    	  968.85    	  18.250    	  24.780    	  1.4800    	  1.2040    	  3.7288    	 0.48196    	  3.7288    	 0.36659    	  1.0000    	  352.74    	 0.29297    	  1999.0    	  13.400    	  231.40    
   150.000    	  4.8508    	  0.0000    	  0.0000    	  665.40    	  237.46    	  99.287    	  987.10    	  15.850    	  10.750    	  1.5800    	  1.2040    	  1.1611    	 0.19656    	  1.1611    	 0.15423    	  1.0000    	  360.83    	 0.29969    	  1999.0    	  4.3000    	  244.80    
   151.000    	  4.8314    	  0.0000    	  0.0000    	  679.51    	  237.99    	  99.895    	  1003.0    	  14.500    	  23.290    	  1.1000    	  1.2040    	  3.1247    	 0.38912    	  3.1247    	 0.30736    	  1.0000    	  362.60    	 0.30117    	  1999.0    	 0.60000    	  249.10    
   152.000    	  4.8205    	  0.0000    	  0.0000    	  710.40    	  238.86    	  101.13    	  1017.5    	  15.550    	  24.175    	  1.2180    	  1.2040    	  3.6911    	 0.42101    	  3.6911    	 0.32826    	  1.0000    	  359.17    	 0.29832    	  1999.0    	  0.0000    	  249.70    
   153.000    	  4.8053    	  0.0000    	  0.0000    	  742.79    	  239.52    	  102.35    	  1033.0    	  19.450    	  15.000    	  1.6050    	  1.2040    	  2.2287    	 0.31979    	  2.2287    	 0.24553    	  1.0000    	  355.15    	 0.29498    	  1999.0    	  1.9000    	  249.70    
   154.000    	  4.7815    	  0.0000    	  0.0000    	  763.08    	  239.76    	  103.05    	  1052.5    	  16.800    	  20.839    	  1.3300    	  1.2040    	  3.3698    	 0.45117    	  3.3698    	 0.34402    	  1.0000    	  353.38    	 0.29350    	  1999.0    	  1.4000    	  251.60    
   155.000    	  4.7543    	  0.0000    	  0.0000    	  791.63    	  239.79    	  103.95    	  1069.3    	  14.650    	  10.909    	  1.2740    	  1.2040    	  1.4369    	 0.23384    	  1.4369    	 0.17587    	  1.0000    	  349.87    	 0.29059    	  1999.0    	  2.3000    	  253.00    
   156.000    	  4.7274    	 2.05080E-02	  2.0508    	  804.56    	  239.79    	  104.39    	  1083.9    	  13.000    	  10.734    	  1.2100    	  1.2040    	  1.1073    	 0.20135    	  1.1073    	 0.15113    	  1.0000    	  349.37    	 0.29017    	  1999.0    	  15.500    	  255.30    
   157.000    	  4.7016    	 6.13915E-02	  6.1391    	  815.22    	  239.79    	  104.80    	  1096.9    	  13.300    	  18.087    	  1.2020    	  1.2040    	  2.6374    	 0.38268    	  2.6374    	 0.30207    	  1.0000    	  362.43    	 0.30102    	  1999.0    	  1.5000    	  270.80    
   158.000    	  4.6769    	 0.16117    	  16.117    	  830.09    	  239.79    	  105.47    	  1110.2    	  13.300    	  14.634    	  1.2130    	  1.2040    	  1.7053    	 0.27973    	  1.7053    	 0.21864    	  1.0000    	  359.81    	 0.29885    	  1999.0    	  5.0000    	  272.30    
   159.000    	  4.5057    	 0.26743    	  26.743    	  839.58    	  239.79    	  105.98    	  1123.5    	  13.000    	  18.228    	  1.0490    	  1.2040    	  3.1387    	 0.42194    	  3.1387    	 0.33217    	  1.0000    	  361.72    	 0.30043    	  1999.0    	 0.10000    	  277.30    
   160.000    	  4.3435    	 0.43053    	  43.053    	  848.18    	  239.79    	  106.58    	  1136.5    	  13.350    	  21.029    	  1.0670    	  1.2040    	  2.8456    	 0.49575    	  2.8456    	 0.38517    	  1.0000    	  358.25    	 0.29755    	  1999.0    	  1.4000    	  277.40    
   161.000    	  4.1841    	 0.65276    	  65.276    	  854.52    	  239.79    	  107.23    	  1149.9    	  13.550    	  22.320    	  1.0740    	  1.2040    	  3.2444    	 0.52597    	  3.2444    	 0.40411    	  1.0000    	  355.33    	 0.29512    	  1999.0    	  0.0000    	  278.80    
   162.000    	  4.0288    	 0.92507    	  92.507    	  857.41    	  239.79    	  107.87    	  1163.4    	  11.450    	  11.690    	  1.1620    	  1.2040    	  1.1711    	 0.29500    	  1.1711    	 0.22345    	  1.0000    	  351.68    	 0.29209    	  1999.0    	  1.3000    	  278.80    
   163.000    	  3.8963    	  1.0817    	  108.17    	  857.41    	  239.79    	  108.18    	  1174.9    	  11.850    	  18.608    	  1.0140    	  1.2040    	  2.3850    	 0.46038    	  2.3850    	 0.34722    	  1.0000    	  350.58    	 0.29118    	  1999.0    	  0.0000    	  280.10    
   164.000    	  3.7650    	  1.3293    	  132.93    	  857.41    	  239.79    	  108.64    	  1186.7    	  14.450    	  18.484    	  1.3500    	  1.2040    	  2.2452    	 0.55588    	  2.2452    	 0.41475    	  1.0000    	  347.85    	 0.28891    	  1999.0    	 0.90000    	  280.10    
   165.000    	  3.6185    	  1.5736    	  157.36    	  857.41    	  239.79    	  109.04    	  1201.2    	  17.650    	  15.649    	  1.4750    	  1.2040    	  1.9973    	 0.46121    	  1.9973    	 0.34047    	  1.0000    	  345.19    	 0.28670    	  1999.0    	  0.0000    	  281.00    
   166.000    	  3.4418    	  1.7785    	  177.85    	  857.41    	  239.79    	  109.34    	  1218.8    	  16.500    	  27.682    	  1.3020    	  1.2040    	  3.9925    	  1.0022    	  3.9925    	 0.73289    	  1.0000    	  342.85    	 0.28476    	  1999.0    	  0.0000    	  281.00    
   167.000    	  3.2869    	  2.1368    	  213.68    	  857.41    	  239.79    	  109.77    	  1235.3    	  18.400    	  23.461    	  1.3780    	  1.2040    	  3.1691    	 0.88509    	  3.1691    	 0.63484    	  1.0000    	  338.12    	 0.28083    	  1999.0    	  0.0000    	  281.00    
   168.000    	  3.1182    	  2.4368    	  243.68    	  857.41    	  239.79    	  110.06    	  1253.7    	  17.150    	  22.039    	  1.3680    	  1.2040    	  3.1500    	 0.96442    	  3.1500    	 0.68087    	  1.0000    	  334.32    	 0.27768    	  1999.0    	  0.0000    	  281.00    
   169.000    	  2.9711    	  2.7145    	  271.45    	  857.41    	  239.79    	  110.26    	  1270.9    	  12.200    	  23.260    	  1.0190    	  1.2040    	  2.8747    	 0.96912    	  2.8747    	 0.67317    	  1.0000    	  330.49    	 0.27449    	  1999.0    	  0.0000    	  281.00    
   170.000    	  2.8689    	  3.0034    	  300.34    	  857.41    	  239.79    	  110.40    	  1283.1    	  13.150    	  29.702    	 0.93900    	  1.2040    	  3.5846    	  1.2969    	  3.5846    	 0.88723    	  1.0000    	  326.94    	 0.27155    	  1999.0    	  0.0000    	  281.00    
   171.000    	  2.7648    	  3.3681    	  336.81    	  857.41    	  239.79    	  110.51    	  1296.2    	  12.400    	  6.2430    	  1.3430    	  1.2040    	 0.49787    	 0.32088    	 0.49787    	 0.21526    	  1.0000    	  322.47    	 0.26783    	  1999.0    	  3.9000    	  281.00    
   172.000    	  2.6686    	  3.4439    	  344.39    	  857.41    	  239.79    	  110.52    	  1308.6    	  11.500    	  14.153    	  1.0590    	  1.2040    	  1.2312    	 0.64840    	  1.2312    	 0.43977    	  1.0000    	  324.97    	 0.26991    	  1999.0    	  8.1000    	  284.90    
   173.000    	  2.5805    	  3.6134    	  361.34    	  857.41    	  239.79    	  110.52    	  1320.1    	  11.200    	  18.351    	  1.0730    	  1.2040    	  1.7948    	 0.92369    	  1.7948    	 0.64226    	  1.0000    	  330.73    	 0.27469    	  1999.0    	 0.80000    	  293.00    
   174.000    	  2.4969    	  3.8301    	  383.01    	  857.41    	  239.79    	  110.52    	  1331.3    	  10.750    	  14.796    	  1.0700    	  1.2040    	  1.5442    	 0.74107    	  1.5442    	 0.51027    	  1.0000    	  328.45    	 0.27280    	  1999.0    	 0.10000    	  293.80    
   175.000    	  2.4183    	  4.0024    	  400.24    	  857.41    	  239.79    	  110.52    	  1342.1    	  13.800    	  26.397    	  1.0460    	  1.2040    	  2.7704    	  1.4624    	  2.7704    	 0.99805    	  1.0000    	  326.39    	 0.27109    	  1999.0    	 0.40000    	  293.90    
   176.000    	  2.3273    	  4.3056    	  430.56    	  857.41    	  239.79    	  110.52    	  1355.9    	  13.050    	  29.933    	 0.94600    	  1.2040    	  3.4487    	  1.7982    	  3.3429    	  1.2071    	 0.96933    	  322.62    	 0.26796    	  1999.0    	  0.0000    	  294.30    
   177.000    	  2.2433    	  4.6331    	  463.31    	  857.41    	  239.79    	  110.52    	  1368.9    	  15.900    	  29.285    	  1.0400    	  1.2040    	  3.5019    	  1.9436    	  3.0241    	  1.2785    	 0.86355    	  318.07    	 0.26418    	  1999.0    	  0.0000    	  294.30    
   178.000    	  2.1468    	  4.9137    	  491.37    	  857.41    	  239.79    	  110.52    	  1384.8    	  18.400    	  16.596    	  1.6150    	  1.2040    	  1.9092    	  1.2882    	  1.9092    	 0.83091    	  1.0000    	  313.77    	 0.26061    	  1999.0    	  7.3000    	  294.30    
   179.000    	  2.0366    	  5.0940    	  509.40    	  857.41    	  239.79    	  110.52    	  1403.2    	  15.200    	  21.903    	  1.2240    	  1.2040    	  2.6526    	  1.8187    	  2.6526    	  1.1948    	  1.0000    	  317.79    	 0.26395    	  1999.0    	 0.40000    	  301.60    
   180.000    	  1.9538    	  5.3257    	  532.57    	  857.41    	  239.79    	  110.52    	  1418.4    	  17.850    	  8.8570    	  1.6440    	  1.2040    	 0.92008    	 0.79444    	 0.92008    	 0.51285    	  1.0000    	  313.95    	 0.26075    	  1999.0    	  1.5000    	  302.00    
   181.000    	  1.8571    	  5.4174    	  541.74    	  857.41    	  239.79    	  110.52    	  1436.3    	  15.300    	  11.165    	  1.5350    	  1.2040    	 0.96322    	 0.89584    	 0.96322    	 0.57718    	  1.0000    	  313.52    	 0.26040    	  1999.0    	  1.3000    	  303.50    
   182.000    	  1.7810    	  5.5300    	  553.00    	  857.41    	  239.79    	  110.52    	  1451.6    	  14.250    	  11.646    	  1.4340    	  1.2040    	 0.99207    	 0.96750    	 0.99207    	 0.62133    	  1.0000    	  312.82    	 0.25982    	  1999.0    	  1.3000    	  304.80    
   183.000    	  1.7124    	  5.6446    	  564.46    	  857.41    	  239.79    	  110.52    	  1465.8    	  18.500    	  15.286    	  1.6790    	  1.2040    	  1.5723    	  1.3413    	  1.5723    	 0.85839    	  1.0000    	  312.06    	 0.25919    	  1999.0    	  0.0000    	  306.10    
   184.000    	  1.6239    	  5.7919    	  579.19    	  857.41    	  239.79    	  110.52    	  1484.3    	  21.600    	  22.443    	  1.8220    	  1.2040    	  2.6881    	  2.4382    	  2.2337    	  1.5428    	 0.83094    	  309.63    	 0.25717    	  1999.0    	  0.0000    	  306.10    
   185.000    	  1.5232    	  5.9660    	  596.60    	  857.41    	  239.79    	  110.52    	  1505.9    	  18.350    	  15.016    	  1.6960    	  1.2040    	  1.1875    	  1.4009    	  1.1875    	 0.87072    	  1.0000    	  305.85    	 0.25403    	  1999.0    	  14.000    	  306.10    
   186.000    	  1.4453    	  6.1009    	  610.09    	  857.41    	  239.79    	  110.52    	  1524.3    	  17.400    	  7.7330    	  1.7940    	  1.2040    	 0.55848    	 0.79947    	 0.55848    	 0.52432    	  1.0000    	  317.41    	 0.26363    	  1999.0    	  14.900    	  320.10    
   187.000    	  1.3759    	  6.1682    	  616.82    	  857.41    	  239.79    	  110.52    	  1541.7    	  17.850    	  20.192    	  1.5950    	  1.2040    	  1.7855    	  2.0825    	  1.7855    	  1.4489    	  1.0000    	  330.87    	 0.27481    	  1999.0    	  0.0000    	  335.00    
   188.000    	  1.3078    	  6.3384    	  633.84    	  857.41    	  239.79    	  110.52    	  1559.5    	  17.050    	  19.846    	  1.6390    	  1.2040    	  1.6569    	  2.1822    	  1.6569    	  1.4973    	  1.0000    	  327.64    	 0.27212    	  1999.0    	 0.20000    	  335.00    
   189.000    	  1.2466    	  6.5003    	  650.03    	  857.41    	  239.79    	  110.52    	  1576.6    	  17.950    	  15.932    	  1.5540    	  1.2040    	  1.2082    	  1.6314    	  1.2082    	  1.1042    	  1.0000    	  324.48    	 0.26950    	  1999.0    	  0.0000    	  335.20    
   190.000    	  1.1844    	  6.6262    	  662.62    	  857.41    	  239.79    	  110.52    	  1594.5    	  17.400    	  28.330    	  1.4000    	  1.2040    	  2.4190    	  3.4199    	  2.4190    	  2.2911    	  1.0000    	  322.17    	 0.26758    	  1999.0    	  0.0000    	  335.20    
   191.000    	  1.1276    	  6.8423    	  684.23    	  857.41    	  239.79    	  110.52    	  1611.9    	  19.850    	  27.305    	  1.5820    	  1.2040    	  2.3903    	  3.5980    	  2.3903    	  2.3602    	  1.0000    	  317.46    	 0.26367    	  1999.0    	  0.0000    	  335.20    
   192.000    	  1.0643    	  7.0437    	  704.37    	  857.41    	  239.79    	  110.52    	  1631.8    	  22.650    	  27.178    	  1.6820    	  1.2040    	  2.3190    	  3.7759    	  2.3190    	  2.4236    	  1.0000    	  312.71    	 0.25973    	  1999.0    	  0.0000    	  335.20    
   193.000    	 0.99455    	  7.2361    	  723.61    	  857.41    	  239.79    	  110.52    	  1654.4    	  22.500    	  21.766    	  1.8930    	  1.2040    	  1.4507    	  2.8378    	  1.4507    	  1.7816    	  1.0000    	  307.97    	 0.25579    	  1999.0    	 0.40000    	  335.20    
   194.000    	 0.92991    	  7.3828    	  738.28    	  857.41    	  239.79    	  110.52    	  1676.9    	  19.850    	  17.319    	  1.9890    	  1.2040    	  1.2939    	  2.4952    	  1.2939    	  1.5437    	  1.0000    	  304.89    	 0.25323    	  1999.0    	  0.0000    	  335.60    
   195.000    	 0.87768    	  7.4939    	  749.39    	  857.41    	  239.79    	  110.52    	  1696.8    	  17.200    	  19.853    	  1.3840    	  1.2040    	  1.4381    	  2.9571    	  1.4381    	  1.8046    	  1.0000    	  302.05    	 0.25087    	  1999.0    	  0.0000    	  335.60    
   196.000    	 0.83613    	  7.6158    	  761.58    	  857.41    	  239.79    	  110.52    	  1714.0    	  16.000    	  18.012    	  1.2520    	  1.2040    	  1.1190    	  2.4696    	  1.1190    	  1.4833    	  1.0000    	  298.81    	 0.24818    	  1999.0    	  0.0000    	  335.60    
   197.000    	 0.79990    	  7.7224    	  772.24    	  857.41    	  239.79    	  110.52    	  1730.0    	  15.700    	  19.970    	  1.2660    	  1.2040    	  1.1809    	  2.7532    	  1.1311    	  1.6324    	 0.95782    	  296.20    	 0.24602    	  1999.0    	  0.0000    	  335.60    
   198.000    	 0.76604    	  7.8318    	  783.18    	  857.41    	  239.79    	  110.52    	  1745.7    	  17.950    	  22.516    	  1.5770    	  1.2040    	  1.3374    	  3.2875    	 0.98549    	  1.9222    	 0.73687    	  293.44    	 0.24372    	  1999.0    	  0.0000    	  335.60    
   199.000    	 0.72786    	  7.9235    	  792.35    	  857.41    	  239.79    	  110.52    	  1763.6    	  20.350    	  24.886    	  1.6870    	  1.2040    	  1.3518    	  3.5755    	 0.81328    	  2.0598    	 0.60161    	  290.53    	 0.24131    	  1999.0    	  0.0000    	  335.60    
   200.000    	 0.68577    	  8.0029    	  800.29    	  857.41    	  239.79    	  110.52    	  1784.0    	  20.850    	  18.980    	  1.9050    	  1.2040    	 0.99820    	  3.0397    	 0.61735    	  1.7252    	 0.61847    	  287.66    	 0.23892    	  1999.0    	  8.8000    	  335.60    
   201.000    	 0.64497    	  8.0623    	  806.23    	  857.41    	  239.79    	  110.52    	  1804.8    	  20.550    	  16.917    	  1.8000    	  1.2040    	 0.97451    	  3.1253    	 0.97451    	  1.8321    	  1.0000    	  293.94    	 0.24414    	  1999.0    	 0.50000    	  344.40    
   202.000    	 0.60724    	  8.1437    	  814.37    	  857.41    	  239.79    	  110.52    	  1825.4    	  17.350    	  12.091    	  1.3460    	  1.2040    	 0.79758    	  2.4907    	 0.79758    	  1.4419    	  1.0000    	  291.48    	 0.24209    	  1999.0    	  0.0000    	  344.90    
   203.000    	 0.57819    	  8.1991    	  819.91    	  857.41    	  239.79    	  110.52    	  1842.7    	  15.900    	  9.1610    	  1.4220    	  1.2040    	 0.41805    	  1.6438    	 0.41805    	 0.94066    	  1.0000    	  289.24    	 0.24023    	  1999.0    	  7.1000    	  344.90    
   204.000    	 0.55333    	  8.2394    	  823.94    	  857.41    	  239.79    	  110.52    	  1858.6    	  15.400    	  14.861    	  1.2420    	  1.2040    	 0.53668    	  2.1351    	 0.53668    	  1.2572    	  1.0000    	  294.83    	 0.24488    	  1999.0    	 0.10000    	  352.00    
   205.000    	 0.53046    	  8.3024    	  830.24    	  857.41    	  239.79    	  110.52    	  1874.0    	  19.550    	  20.899    	  1.8350    	  1.2040    	 0.91445    	  3.4642    	 0.91445    	  2.0215    	  1.0000    	  293.04    	 0.24339    	  1999.0    	  0.0000    	  352.10    
   206.000    	 0.50119    	  8.3878    	  838.78    	  857.41    	  239.79    	  110.52    	  1893.6    	  19.750    	  20.548    	  1.7370    	  1.2040    	 0.83680    	  3.3923    	 0.74435    	  1.9500    	 0.88952    	  290.10    	 0.24095    	  1999.0    	  0.0000    	  352.10    
   207.000    	 0.47321    	  8.4590    	  845.90    	  857.41    	  239.79    	  110.52    	  1913.3    	  16.450    	  22.068    	  1.2560    	  1.2040    	 0.83615    	  3.5972    	 0.59219    	  2.0390    	 0.70824    	  287.41    	 0.23871    	  1999.0    	  0.0000    	  352.10    
   208.000    	 0.45199    	  8.5170    	  851.70    	  857.41    	  239.79    	  110.52    	  1929.8    	  14.000    	  27.302    	  1.1080    	  1.2040    	  1.0136    	  4.5493    	 0.45256    	  2.5432    	 0.44647    	  284.78    	 0.23653    	  1999.0    	  0.0000    	  352.10    
   209.000    	 0.43482    	  8.5604    	  856.04    	  857.41    	  239.79    	  110.52    	  1943.8    	  18.000    	  27.394    	  1.1840    	  1.2040    	  1.0398    	  4.8880    	 0.28085    	  2.6891    	 0.27009    	  281.78    	 0.23404    	  1999.0    	  0.0000    	  352.10    
   210.000    	 0.41308    	  8.5859    	  858.59    	  857.41    	  239.79    	  110.52    	  1961.8    	  20.800    	  26.652    	  1.2140    	  1.2040    	 0.97026    	  4.8557    	 0.10848    	  2.6285    	 0.11181    	  278.81    	 0.23157    	  1999.0    	  0.0000    	  352.10    
   211.000    	 0.38857    	  8.5957    	  859.57    	  857.41    	  239.79    	  110.52    	  1982.6    	  20.600    	  26.101    	  1.2600    	  1.2040    	 0.82729    	  4.4769    	  0.0000    	  2.3871    	  0.0000    	  276.08    	 0.22930    	  1999.0    	  0.0000    	  352.10    
   212.000    	 0.36577    	  8.5957    	  859.57    	  857.41    	  239.79    	  110.52    	  2003.2    	  21.100    	  24.818    	  1.2670    	  1.2040    	 0.77214    	  4.4479    	  0.0000    	  2.3402    	  0.0000    	  273.69    	 0.22732    	  1999.0    	  0.0000    	  352.10    
   213.000    	 0.34370    	  8.5957    	  859.57    	  857.41    	  239.79    	  110.52    	  2024.3    	  22.600    	  25.322    	  1.2530    	  1.2040    	 0.75531    	  4.6623    	  0.0000    	  2.4206    	  0.0000    	  271.35    	 0.22537    	  1999.0    	  0.0000    	  352.10    
   214.000    	 0.32125    	  8.5957    	  859.57    	  857.41    	  239.79    	  110.52    	  2046.9    	  22.050    	  24.682    	  1.1280    	  1.2040    	 0.66829    	  4.4551    	  0.0000    	  2.2810    	  0.0000    	  268.93    	 0.22336    	  1999.0    	  0.0000    	  352.10    
   215.000    	 0.30085    	  8.5957    	  859.57    	  857.41    	  239.79    	  110.52    	  2068.9    	  22.350    	  19.250    	  1.4820    	  1.2040    	 0.51917    	  3.6888    	  0.0000    	  1.8638    	  0.0000    	  266.65    	 0.22147    	  1999.0    	  0.0000    	  352.10    
   216.000    	 0.28144    	  8.5957    	  859.57    	  857.41    	  239.79    	  110.52    	  2091.3    	  20.850    	  18.237    	  1.6820    	  1.2040    	 0.39083    	  3.0447    	  0.0000    	  1.5215    	  0.0000    	  264.78    	 0.21992    	  1999.0    	  0.0000    	  352.10    




